id,First Name,Last Name,Title,Phone Number,Street Address,Postal Code,State,Country,Country Code,Tickets Bought
1,Zahara,Gonsalo,Mrs,6194364263,29596 Victoria Trail,92165,California,United States,US,1
2,Scotty,Forre,Rev,2314489529,45 Fallview Hill,49444,Michigan,United States,US,2
3,Bliss,Redshaw,Ms,5628069348,17 Washington Trail,90010,California,United States,US,7
4,Quent,Petrasek,Rev,2024323549,868 Kinsman Avenue,20016,District of Columbia,United States,US,8
5,Dorey,Iacabucci,Honorable,5026855654,02 Warner Plaza,40287,Kentucky,United States,US,1
6,Elene,Gentner,Mrs,4194061118,674 Hauk Circle,43615,Ohio,United States,US,2
7,Karry,Jacobovitz,Mr,2033061302,0 Prairie Rose Park,06705,Connecticut,United States,US,3
8,Yasmin,Spurdens,Ms,6027224884,96126 Kedzie Plaza,85099,Arizona,United States,US,4
9,Carmelle,Overthrow,Ms,5138497473,637 Hoard Trail,45296,Ohio,United States,US,2
10,Roi,Stephens,Dr,8509911049,32 Donald Street,32304,Florida,United States,US,3
11,Charissa,Petrasek,Ms,9727148925,1314 Kipling Plaza,75236,Texas,United States,US,7
12,Bonita,Crumly,Honorable,5742525035,8145 Marcy Way,46620,Indiana,United States,US,5
13,Kalindi,Geelan,Ms,7753198604,72750 Beilfuss Center,89510,Nevada,United States,US,6
14,Noellyn,Allner,Honorable,4051865870,1 Lyons Place,73147,Oklahoma,United States,US,1
15,Dix,Ivancevic,Ms,8504587387,2 Dryden Place,32590,Florida,United States,US,6
16,Blake,Adamo,Mrs,7139724791,5302 Marcy Lane,77299,Texas,United States,US,4
17,Bax,Hogbourne,Mr,9032195581,2079 Holy Cross Point,75605,Texas,United States,US,1
18,Annice,Scane,Honorable,2169934789,6 New Castle Terrace,44118,Ohio,United States,US,5
19,Lelah,Capps,Mr,7029012621,781 Sycamore Place,89087,Nevada,United States,US,6
20,Ashton,Meddemmen,Mr,7855113116,36256 Waywood Way,66611,Kansas,United States,US,7
21,Chicky,Doogan,Honorable,7133843627,010 Merchant Avenue,77281,Texas,United States,US,4
22,Rosamund,Schild,Ms,9177606005,28 Erie Terrace,11236,New York,United States,US,3
23,Raymund,Brindle,Dr,2028093057,43 Monument Avenue,22309,Virginia,United States,US,6
24,Friedrick,Cufley,Honorable,5097338583,97501 Becker Plaza,99252,Washington,United States,US,3
25,Drucill,Peschka,Honorable,3164311223,62664 Dawn Park,67236,Kansas,United States,US,7
26,Brodie,Pasfield,Mrs,9895274386,5018 Evergreen Alley,48609,Michigan,United States,US,4
27,Sol,Van der Velde,Rev,6129499522,8 2nd Drive,55103,Minnesota,United States,US,3
28,Raffaello,Willowby,Mrs,6078848649,3 Pond Junction,14905,New York,United States,US,6
29,Tess,Drable,Honorable,7548267867,46 Dennis Way,33355,Florida,United States,US,4
30,Katina,Denacamp,Ms,5095458015,34 Namekagon Street,99215,Washington,United States,US,7
31,Rey,De Winton,Ms,6022181560,780 Di Loreto Avenue,85260,Arizona,United States,US,5
32,Amelia,Traice,Mr,7046363174,4 Kinsman Plaza,28242,North Carolina,United States,US,8
33,Amalle,de Quincey,Dr,7029903064,54002 Dottie Center,89178,Nevada,United States,US,7
34,Roshelle,Pettisall,Rev,5022303329,59175 Crescent Oaks Way,40280,Kentucky,United States,US,3
35,Gearard,Heber,Dr,3017959980,59311 Jackson Street,20709,Maryland,United States,US,8
36,Ardath,Campe,Dr,6466000768,9 Mesta Circle,11205,New York,United States,US,2
37,Constancia,Surgison,Mrs,8155882219,5590 Victoria Lane,61105,Illinois,United States,US,1
38,Wakefield,Deighton,Honorable,6501685640,33 Utah Terrace,94042,California,United States,US,4
39,Julissa,Borthram,Rev,2067395926,86759 Crest Line Way,98166,Washington,United States,US,2
40,Dedie,Spadoni,Mr,9014925066,56692 Burning Wood Parkway,38168,Tennessee,United States,US,1
41,Hazel,MacNish,Mr,2156200752,57510 Gulseth Circle,19131,Pennsylvania,United States,US,1
42,Kelsey,Darree,Mrs,2022178525,85 Commercial Lane,20380,District of Columbia,United States,US,7
43,Janis,Addekin,Honorable,2051983197,1 Golf Course Trail,35285,Alabama,United States,US,2
44,Amandi,Berrygun,Mrs,2177634732,25 Dixon Trail,62764,Illinois,United States,US,8
45,Shaina,Beveredge,Mr,9374087363,37040 Karstens Pass,45419,Ohio,United States,US,7
46,Brynne,Kleis,Mrs,9154667149,1868 Red Cloud Road,79977,Texas,United States,US,1
47,Krystyna,Keenleyside,Ms,3149053967,54874 Oakridge Terrace,63143,Missouri,United States,US,6
48,Nefen,Samways,Honorable,5205528256,4 Russell Avenue,85743,Arizona,United States,US,2
49,Evey,Rosenbusch,Mrs,2082399846,88809 Rigney Plaza,83732,Idaho,United States,US,2
50,Casper,Dumphries,Rev,7044767144,09 Towne Hill,28256,North Carolina,United States,US,4
51,Nixie,Adderson,Honorable,4125767365,602 Northland Circle,15225,Pennsylvania,United States,US,1
52,Joscelin,Spurr,Ms,8324429762,340 Stuart Parkway,77065,Texas,United States,US,1
53,Errol,Poag,Rev,9136387184,9625 Hanson Junction,66286,Kansas,United States,US,2
54,Barbe,Pleuman,Rev,4152526921,80 Bobwhite Park,94177,California,United States,US,1
55,Judah,Almeida,Mrs,4062866591,876 Fremont Avenue,59771,Montana,United States,US,4
56,Sophi,Levane,Ms,4029747889,552 Tony Hill,68110,Nebraska,United States,US,2
57,Ashli,Firebrace,Mrs,3601752793,011 Stoughton Parkway,98687,Washington,United States,US,4
58,Bax,McMurrugh,Rev,6011481573,925 Cottonwood Court,39204,Mississippi,United States,US,3
59,Aguistin,Joerning,Rev,9373165481,6146 Atwood Plaza,45020,Ohio,United States,US,4
60,Halette,Stiell,Honorable,9154687866,61 Brickson Park Hill,79916,Texas,United States,US,2
61,Tomasina,Novelli,Honorable,8134606416,46499 Ridge Oak Crossing,33647,Florida,United States,US,7
62,Candace,Loosemore,Mrs,2251178349,91438 Stoughton Alley,70836,Louisiana,United States,US,6
63,Bernard,Cardenoso,Honorable,2145114642,090 Gerald Circle,75037,Texas,United States,US,1
64,Orlando,Ludmann,Mrs,5404967675,96 Golf View Drive,24020,Virginia,United States,US,8
65,Austen,Pantin,Dr,2817099741,3949 Russell Center,77030,Texas,United States,US,4
66,Andy,Ruos,Rev,6264015984,96264 Eastlawn Plaza,91199,California,United States,US,4
67,Sigrid,Cotgrove,Rev,7196203313,6948 Amoth Terrace,81010,Colorado,United States,US,3
68,Eachelle,Attac,Dr,5137701244,1547 Vidon Road,45233,Ohio,United States,US,3
69,Sauveur,Kirlin,Rev,9142296095,163 Sugar Center,10633,New York,United States,US,2
70,Lilian,Whetnall,Rev,4047715406,64 Summit Terrace,30022,Georgia,United States,US,3
71,Garrett,Jowsey,Mrs,2139800226,3 Green Pass,90087,California,United States,US,5
72,Lynnette,Sebyer,Mr,2346251275,868 Independence Junction,44720,Ohio,United States,US,1
73,Marni,Hurton,Rev,7201930808,598 Anthes Park,80299,Colorado,United States,US,1
74,Mersey,Attrill,Mrs,6166941627,01 Melody Road,49560,Michigan,United States,US,8
75,Brinn,Barwood,Mrs,3368752695,0 Gerald Hill,27116,North Carolina,United States,US,7
76,Stacia,Cannon,Mr,2159811206,90085 Nancy Pass,19196,Pennsylvania,United States,US,4
77,Guillema,Besque,Honorable,2602500248,02 Leroy Park,46867,Indiana,United States,US,8
78,Benito,Worsam,Mr,4086734036,743 Hanover Terrace,95138,California,United States,US,3
79,Hayden,Persicke,Ms,9372441215,785 Steensland Park,45426,Ohio,United States,US,6
80,Layne,Saunderson,Honorable,3041872644,2094 Vera Lane,26505,West Virginia,United States,US,5
81,Jacinta,Botham,Honorable,3372462375,44494 Lerdahl Park,70616,Louisiana,United States,US,2
82,Fannie,Wilmington,Rev,8131320474,51 Summer Ridge Street,33661,Florida,United States,US,3
83,Rog,Shea,Mr,6097665028,33 Grayhawk Park,08650,New Jersey,United States,US,1
84,Aubrey,Powys,Rev,8597354589,94 Laurel Place,40576,Kentucky,United States,US,6
85,Cob,Moryson,Mrs,9157931987,359 Fieldstone Park,88546,Texas,United States,US,1
86,Natalie,Humpage,Mrs,4058222882,39378 Duke Junction,73129,Oklahoma,United States,US,6
87,Julius,McIlharga,Honorable,7866397807,25 Jay Point,33124,Florida,United States,US,8
88,Carine,Dummer,Honorable,6418950574,15 Gateway Parkway,50315,Iowa,United States,US,6
89,Larissa,Pagden,Rev,8064825823,490 Maywood Plaza,79188,Texas,United States,US,7
90,Clareta,Orcas,Mrs,9191182748,41434 Sheridan Court,27635,North Carolina,United States,US,2
91,Claudell,Beathem,Dr,7181815179,707 Moose Pass,11236,New York,United States,US,3
92,Jess,Casebourne,Dr,4041562447,0354 Summer Ridge Street,31196,Georgia,United States,US,2
93,Nerti,Petett,Dr,9042591129,05099 Reindahl Place,32236,Florida,United States,US,5
94,Mariam,Pickin,Rev,4695707067,99650 Ilene Lane,75205,Texas,United States,US,2
95,Kenyon,Parlott,Ms,7637352589,927 Bonner Road,55115,Minnesota,United States,US,6
96,Adi,Shrimpton,Rev,2283382886,4 Muir Avenue,39505,Mississippi,United States,US,2
97,Maurise,Disbrey,Mr,2679818010,127 Brickson Park Junction,19120,Pennsylvania,United States,US,5
98,Doro,Stiegers,Mr,2102013107,92 Redwing Pass,78240,Texas,United States,US,4
99,Ardenia,Iglesiaz,Ms,5207867065,8704 Heffernan Road,85737,Arizona,United States,US,6
100,Aryn,Castledine,Dr,5135914021,184 Buhler Crossing,45218,Ohio,United States,US,4
101,Skylar,Capaldo,Ms,2517726455,856 Hudson Hill,36622,Alabama,United States,US,2
102,Elvyn,Adelberg,Mr,7863192348,70090 Towne Trail,33153,Florida,United States,US,2
103,Lorette,Kuhlen,Mrs,7863972171,1210 Towne Park,33013,Florida,United States,US,5
104,Yuri,Carlin,Mrs,3124473825,457 Surrey Court,60669,Illinois,United States,US,1
105,Hedwig,Willmetts,Mr,8017338678,7 Arkansas Parkway,84409,Utah,United States,US,1
106,Holden,Kivlehan,Rev,5041135947,5462 Grayhawk Plaza,70165,Louisiana,United States,US,8
107,Marcus,Jaine,Mrs,2031577268,341 Basil Drive,06520,Connecticut,United States,US,4
108,Lauree,Campaigne,Honorable,8577966823,01219 Wayridge Park,02114,Massachusetts,United States,US,2
109,Anstice,Daffern,Dr,2698902764,4 Trailsway Trail,49048,Michigan,United States,US,2
110,Joana,Uff,Honorable,9183478917,21031 Bellgrove Avenue,74126,Oklahoma,United States,US,8
111,Orland,Dummer,Rev,3046422739,21 Melrose Pass,25775,West Virginia,United States,US,1
112,Graig,Volonte,Mrs,5181225046,8031 Merrick Park,12205,New York,United States,US,1
113,Robby,Nund,Dr,4153688470,18 Brown Street,94142,California,United States,US,4
114,Geri,Lorne,Rev,6826547510,34532 Moose Place,76115,Texas,United States,US,3
115,Abdul,Vautier,Dr,9378954743,2167 Sage Circle,45020,Ohio,United States,US,5
116,Elliot,Hanaford,Dr,4153533778,9359 Hoard Trail,94154,California,United States,US,6
117,Rob,Freddi,Ms,7191157539,41 Jay Junction,80910,Colorado,United States,US,6
118,Tonye,Philipps,Rev,3036481097,7 Northland Road,80310,Colorado,United States,US,5
119,Hershel,Bearcock,Rev,2156163043,70735 Ronald Regan Crossing,19172,Pennsylvania,United States,US,6
120,Margaretha,Simoneau,Ms,2481489413,6 Oak Trail,48098,Michigan,United States,US,6
121,Hunfredo,Gilby,Mrs,7023963230,34 Fremont Lane,89145,Nevada,United States,US,1
122,Conrade,Frier,Mr,4028542343,8 Lake View Court,68517,Nebraska,United States,US,3
123,Catlin,Vankin,Dr,2125241974,35 Tennessee Park,10125,New York,United States,US,3
124,Daryl,Boggers,Ms,3011499302,59 Forest Trail,20892,Maryland,United States,US,6
125,Thayne,Lampl,Honorable,7131008760,629 Pine View Hill,77228,Texas,United States,US,6
126,Bartholemy,Corpe,Dr,7759758333,972 Mcguire Alley,89505,Nevada,United States,US,7
127,Xenia,Pryn,Dr,7199461777,0 Leroy Alley,80915,Colorado,United States,US,5
128,Madison,Ricciardelli,Mr,2156161652,0 Glendale Pass,19125,Pennsylvania,United States,US,2
129,Flo,Doggerell,Honorable,8656362391,19130 Rutledge Alley,37939,Tennessee,United States,US,5
130,Aliza,Autin,Dr,7577946039,55186 Vernon Plaza,23471,Virginia,United States,US,3
131,Florrie,Medendorp,Dr,9523907143,6 Lunder Center,55551,Minnesota,United States,US,2
132,Erena,Skoggings,Mrs,8064135792,958 Larry Pass,79176,Texas,United States,US,1
133,Therese,Kenwrick,Dr,8081144000,047 Alpine Parkway,96845,Hawaii,United States,US,6
134,Gennie,Goldbourn,Mrs,8183110831,27484 Talisman Lane,91109,California,United States,US,2
135,Giraldo,Korejs,Mrs,5121401426,5168 Lien Court,78754,Texas,United States,US,1
136,Yetta,Von Welden,Rev,3528067908,664 Thompson Place,34474,Florida,United States,US,5
137,Cary,Starie,Rev,9161335045,4996 Barnett Drive,94245,California,United States,US,3
138,Aube,Banstead,Mr,9163338118,9898 Graceland Crossing,95865,California,United States,US,3
139,Roseanna,Sillito,Honorable,5139247617,8 Hollow Ridge Park,45271,Ohio,United States,US,5
140,Darbie,Rebanks,Honorable,5623826830,92570 Glendale Junction,90847,California,United States,US,7
141,Kendricks,Pullman,Dr,8324298306,1249 Mendota Drive,77065,Texas,United States,US,3
142,Susannah,Varey,Rev,2026869184,39 Buhler Way,20238,District of Columbia,United States,US,3
143,Constantino,Norssister,Mr,2408681611,2 Tony Road,20719,Maryland,United States,US,4
144,Nani,Braunton,Honorable,5206968660,37 Memorial Crossing,85732,Arizona,United States,US,4
145,Olivia,Ruppertz,Mr,2283170456,14 Amoth Way,39534,Mississippi,United States,US,2
146,Winni,Aingel,Rev,7728598365,7767 Parkside Alley,34981,Florida,United States,US,4
147,Jaime,Renforth,Dr,5594566907,0055 Merchant Way,92640,California,United States,US,4
148,Harp,Grishagin,Mrs,8184820899,23718 Comanche Alley,90510,California,United States,US,1
149,Sapphira,Angel,Mr,6461998881,05175 Jay Way,10019,New York,United States,US,1
150,Filip,Bowling,Dr,9202640058,13 Corben Crossing,54313,Wisconsin,United States,US,4
151,Winston,Bruhke,Honorable,3168700523,59 Daystar Alley,67215,Kansas,United States,US,6
152,Linda,Truran,Ms,8562673150,4189 Blue Bill Park Park,08104,New Jersey,United States,US,1
153,Ingra,Robillart,Mr,2022567840,1410 Buhler Way,20073,District of Columbia,United States,US,6
154,Jillene,Froom,Mr,3041600693,196 Northridge Alley,25321,West Virginia,United States,US,4
155,Dominick,Lavers,Dr,9169504120,138 Cordelia Avenue,94286,California,United States,US,8
156,Granny,Linneman,Mr,3044792841,496 Little Fleur Center,25326,West Virginia,United States,US,5
157,Dell,Piwall,Rev,8309908644,18197 Eagle Crest Circle,78260,Texas,United States,US,2
158,Bary,Madre,Mr,8135582743,61668 Mosinee Street,33605,Florida,United States,US,8
159,Andy,Maun,Mr,8066389778,141 Del Sol Lane,79452,Texas,United States,US,2
160,Jason,Worsley,Mr,2026308209,957 Monterey Parkway,20530,District of Columbia,United States,US,8
161,Meta,Howchin,Honorable,3184745947,74495 Mariners Cove Avenue,71130,Louisiana,United States,US,4
162,Octavia,Smithyman,Mrs,2139133524,1 Bay Lane,90087,California,United States,US,5
163,Dru,Olensby,Mrs,8121079483,9378 Bayside Way,47737,Indiana,United States,US,5
164,Godiva,Langsbury,Rev,6469387831,0603 Dwight Court,10170,New York,United States,US,4
165,Becky,O'Concannon,Dr,8085138200,3 Crest Line Plaza,96850,Hawaii,United States,US,2
166,Gill,Knowlden,Dr,5043513819,6857 Bartelt Street,70142,Louisiana,United States,US,6
167,Melinda,Capponer,Rev,9159349184,9164 Myrtle Center,79977,Texas,United States,US,3
168,Vin,Colmore,Mrs,3045252795,77 Milwaukee Parkway,25721,West Virginia,United States,US,6
169,Juana,Gravatt,Honorable,3031717451,54 Thompson Lane,80270,Colorado,United States,US,6
170,Hubie,Newlan,Honorable,5025224197,4 Ridgeview Park,40205,Kentucky,United States,US,7
171,Katalin,Rossander,Ms,2023458486,472 Loeprich Avenue,20436,District of Columbia,United States,US,6
172,Izaak,Coppenhall,Dr,3611326161,0145 Roth Plaza,78744,Texas,United States,US,7
173,Imogene,Howatt,Mr,7022585401,890 Kropf Road,89166,Nevada,United States,US,1
174,Claudina,Rawstorn,Rev,7028948107,42 Delladonna Pass,89160,Nevada,United States,US,4
175,Lynett,Wooldridge,Honorable,7757855630,30713 Straubel Place,89510,Nevada,United States,US,3
176,Theodore,Wallace,Mrs,3608467376,30980 Florence Pass,98682,Washington,United States,US,3
177,Andreana,Croster,Honorable,2168929824,1 Rigney Crossing,44111,Ohio,United States,US,4
178,Sileas,Itzcovichch,Mr,2122135008,293 Lunder Drive,10131,New York,United States,US,7
179,Rudolph,Bridywater,Rev,9712336428,302 Talmadge Junction,97229,Oregon,United States,US,7
180,Drusie,Moffatt,Dr,4137674044,3602 Twin Pines Court,01105,Massachusetts,United States,US,1
181,Cora,Greiswood,Mrs,3301372027,13 Rieder Pass,44315,Ohio,United States,US,6
182,Peg,Arnett,Mr,6086444902,9602 Transport Trail,53705,Wisconsin,United States,US,4
183,Brew,Fludder,Dr,8324877931,12 Butterfield Junction,77005,Texas,United States,US,6
184,Celine,Gonsalvo,Rev,8648982294,58 Doe Crossing Park,29625,South Carolina,United States,US,1
185,Odo,Billson,Rev,4054887726,18 Magdeline Way,73135,Oklahoma,United States,US,5
186,Fergus,Petruk,Mrs,9492508325,91714 Pepper Wood Street,92867,California,United States,US,3
187,Temple,Bynert,Mr,4018392072,5872 Canary Point,02912,Rhode Island,United States,US,5
188,Moss,Carmont,Dr,4057037726,7344 7th Plaza,73173,Oklahoma,United States,US,2
189,Sylvester,Roget,Honorable,3308602925,911 Northwestern Court,44485,Ohio,United States,US,7
190,Harmon,Silveston,Ms,9172799954,27971 Dapin Crossing,11215,New York,United States,US,1
191,Harp,Drabble,Honorable,8289000923,0697 Fairfield Street,28805,North Carolina,United States,US,8
192,Nada,Sangra,Rev,2035086498,6 Chinook Lane,06105,Connecticut,United States,US,1
193,Avrit,Pund,Rev,2029296080,569 David Junction,20520,District of Columbia,United States,US,7
194,Kelli,Ledamun,Mr,9095402028,339 Lyons Terrace,92405,California,United States,US,3
195,Bianca,Threlkeld,Mr,5746926675,6 Hoepker Hill,46620,Indiana,United States,US,6
196,Ninetta,Jeffrey,Ms,2029138464,3544 Mitchell Trail,20551,District of Columbia,United States,US,8
197,Alika,Kamien,Honorable,7859449707,1232 Hoepker Terrace,66606,Kansas,United States,US,5
198,Buddie,Spensly,Rev,7757459998,22 Bultman Drive,89714,Nevada,United States,US,1
199,Misty,Sheaf,Mrs,9076342938,04 Holy Cross Point,99512,Alaska,United States,US,8
200,Emlen,Aireton,Dr,5598476362,36 Independence Hill,93786,California,United States,US,4
201,Orsa,Budding,Mr,6152511683,0 Bayside Place,37215,Tennessee,United States,US,3
202,Marc,Denisovo,Ms,2406352825,9 Arapahoe Hill,21747,Maryland,United States,US,6
203,Geraldine,Terzo,Honorable,3232598211,68 Carioca Park,90060,California,United States,US,6
204,Gillian,Habbergham,Mrs,2028709168,7 Fisk Circle,20062,District of Columbia,United States,US,5
205,Temple,Enticknap,Honorable,5854873453,13 Prairieview Pass,14683,New York,United States,US,6
206,Scarlett,Mosby,Mr,2817662446,26 International Road,77040,Texas,United States,US,3
207,Gisele,Siely,Honorable,8148446313,9425 Miller Park,16550,Pennsylvania,United States,US,3
208,Rayshell,Maitland,Ms,2093378334,2 Tony Place,95219,California,United States,US,3
209,Krystyna,Guirardin,Dr,2022140600,8909 Scoville Crossing,20099,District of Columbia,United States,US,4
210,Genevra,Kitter,Mrs,8165593953,18 Westport Drive,64179,Missouri,United States,US,4
211,Marley,Farnill,Mrs,3234784446,9257 Anhalt Parkway,91505,California,United States,US,4
212,Elsbeth,Caro,Honorable,2198094542,6662 Esch Center,46406,Indiana,United States,US,8
213,Osbert,Demaid,Honorable,2252849765,22 Stang Terrace,70805,Louisiana,United States,US,1
214,Stoddard,Leas,Ms,8057900720,735 Straubel Crossing,94405,California,United States,US,5
215,Emili,Mathews,Dr,6095675072,8 Dwight Plaza,08619,New Jersey,United States,US,3
216,Crosby,Jacomb,Mr,5594567796,49 Briar Crest Way,93750,California,United States,US,6
217,Tildie,Mapples,Ms,9135717814,1 Gateway Point,66205,Kansas,United States,US,2
218,Helga,Gammon,Mr,4696179676,262 Scofield Place,75241,Texas,United States,US,6
219,Gran,Birtchnell,Mr,5706389945,23008 Stang Hill,18505,Pennsylvania,United States,US,1
220,Timothy,Penhalewick,Mr,7022278826,9 Novick Junction,89150,Nevada,United States,US,1
221,Lesli,Rykert,Honorable,6191895968,3200 Westport Terrace,92115,California,United States,US,4
222,Natividad,Kelley,Rev,9151503087,970 Ilene Junction,79977,Texas,United States,US,1
223,Hermina,Leethem,Honorable,7728076894,92 Carpenter Circle,34985,Florida,United States,US,2
224,Ruthi,Reddish,Mr,9078040067,91 Lakewood Point,99522,Alaska,United States,US,4
225,Land,McFfaden,Honorable,4127970027,459 Nelson Center,15134,Pennsylvania,United States,US,6
226,Dannie,Camps,Honorable,9154394712,0 Granby Street,79905,Texas,United States,US,1
227,Brewer,Heads,Rev,5717036046,17038 Blaine Terrace,22119,Virginia,United States,US,4
228,Archambault,MacNeilly,Mr,8081248254,49 Bayside Center,96820,Hawaii,United States,US,4
229,Annabal,Klainer,Honorable,6016603647,96724 Blaine Crossing,39204,Mississippi,United States,US,5
230,Michaela,Lawlor,Dr,8049060718,34514 Pond Alley,23289,Virginia,United States,US,8
231,Ruben,Challender,Mrs,7757464456,8874 Lindbergh Circle,89550,Nevada,United States,US,3
232,Cheryl,Martyns,Rev,8032681866,09 Clyde Gallagher Lane,29805,South Carolina,United States,US,6
233,Kristal,Crosson,Honorable,7027460909,90769 Twin Pines Court,93111,California,United States,US,8
234,Decca,Stonestreet,Ms,9015616766,87142 Crescent Oaks Street,38168,Tennessee,United States,US,7
235,Brnaby,Gulliman,Honorable,2026046706,7 Cottonwood Junction,20016,District of Columbia,United States,US,2
236,Sabrina,Bows,Rev,3306344354,214 Sullivan Circle,44315,Ohio,United States,US,5
237,Robby,Tennison,Ms,9715727069,73 Towne Junction,97229,Oregon,United States,US,5
238,Guss,Blackney,Mr,2255582911,4482 6th Point,70826,Louisiana,United States,US,4
239,Cacilia,Bolesma,Mr,4076338377,7370 Holy Cross Circle,32868,Florida,United States,US,5
240,Horten,Dignum,Ms,8142096136,515 Havey Crossing,16522,Pennsylvania,United States,US,5
241,Brynn,Gittens,Mr,5101237525,8723 Ridge Oak Place,94807,California,United States,US,6
242,Debor,Slater,Ms,5154008418,816 Dennis Pass,50347,Iowa,United States,US,5
243,Alexandre,Shakelade,Honorable,2109584922,66 Bobwhite Parkway,78291,Texas,United States,US,2
244,Bastian,Fanshaw,Mr,3175442707,2 Northland Way,46295,Indiana,United States,US,2
245,Malena,Grogona,Rev,8599041877,959 Elmside Drive,40591,Kentucky,United States,US,7
246,Shena,Setterington,Dr,7194154061,07 Amoth Pass,80945,Colorado,United States,US,6
247,Norrie,Daw,Rev,3033913032,40 Merchant Center,80044,Colorado,United States,US,7
248,Sibelle,Thebes,Ms,2125436431,60 Corry Crossing,10090,New York,United States,US,8
249,Dianne,Rego,Honorable,4126687964,1 Elka Trail,15230,Pennsylvania,United States,US,7
250,Teressa,Otham,Mrs,9044654618,383 Oneill Place,32225,Florida,United States,US,8
251,Zed,Kerton,Dr,5738550816,23849 Fulton Avenue,65218,Missouri,United States,US,4
252,Pedro,Taplow,Mrs,6157165725,79503 Kipling Alley,37131,Tennessee,United States,US,5
253,Laughton,McGeoch,Dr,3607213512,56 Packers Avenue,98664,Washington,United States,US,8
254,Frasco,Jozsef,Dr,8104200049,2273 Butternut Drive,48076,Michigan,United States,US,7
255,Ashley,Chadwen,Honorable,5189005908,786 Schlimgen Point,12247,New York,United States,US,2
256,Bronson,Frodsam,Ms,2609646296,25 5th Drive,46814,Indiana,United States,US,8
257,Leonelle,Wenderott,Ms,5041266984,26449 Crescent Oaks Terrace,70179,Louisiana,United States,US,3
258,Gaven,Clutten,Honorable,2518394734,48718 Oxford Road,36689,Alabama,United States,US,3
259,Viviyan,Smitheram,Rev,6108242460,92 Golf Terrace,18105,Pennsylvania,United States,US,5
260,Fanchette,Levet,Mrs,5622718408,604 Northfield Place,90831,California,United States,US,3
261,Arleta,Wapol,Rev,6084641697,5 Loomis Junction,53716,Wisconsin,United States,US,7
262,Vere,Limbourne,Mr,6826075475,1198 Westend Hill,76198,Texas,United States,US,5
263,Faun,Launchbury,Dr,9411054942,679 Carpenter Lane,33982,Florida,United States,US,5
264,Rocky,Farish,Ms,7181701762,33923 Rusk Court,11447,New York,United States,US,5
265,Jeane,Berard,Mrs,2146154824,3 Village Street,75379,Texas,United States,US,1
266,Silva,Eldrid,Dr,5704024829,80929 Lotheville Plaza,18768,Pennsylvania,United States,US,5
267,Aeriela,Allflatt,Ms,5857110895,4749 Pennsylvania Crossing,14604,New York,United States,US,1
268,Rita,Coulman,Honorable,5097892888,1214 Sommers Street,99252,Washington,United States,US,8
269,Rhona,Charette,Rev,8035392733,59680 Bunker Hill Terrace,29220,South Carolina,United States,US,7
270,Briano,Le Pruvost,Ms,5617796963,291 Pierstorff Road,33462,Florida,United States,US,1
271,Jose,Garfoot,Mrs,5103115574,796 Golf Alley,94712,California,United States,US,8
272,Florri,Genny,Mr,5152072468,1 Erie Trail,50393,Iowa,United States,US,6
273,Emmey,Pinchbeck,Mr,2028782654,98005 Sycamore Trail,20299,District of Columbia,United States,US,2
274,Leese,Iacomi,Rev,5041253994,01 Hooker Point,70179,Louisiana,United States,US,6
275,Dal,Stickles,Dr,9415178918,5 Superior Place,34238,Florida,United States,US,5
276,Brittan,Giacopetti,Rev,9498767762,2670 Dayton Hill,92867,California,United States,US,8
277,Merry,McKeighan,Mr,9011821953,744 Londonderry Street,38188,Tennessee,United States,US,8
278,Taddeo,Turley,Dr,9183841809,95 Buell Drive,74108,Oklahoma,United States,US,5
279,Ingelbert,Dalmon,Mrs,7179271552,1324 Calypso Place,17110,Pennsylvania,United States,US,3
280,Reginald,Haquard,Dr,9724639099,7770 Derek Court,76016,Texas,United States,US,3
281,Corilla,MacAnespie,Rev,8066527945,7 Transport Court,79452,Texas,United States,US,5
282,Shauna,Rosenwald,Ms,5409089330,668 Barnett Hill,24004,Virginia,United States,US,8
283,Adah,Kevlin,Dr,4237295804,174 Dottie Point,37665,Tennessee,United States,US,8
284,Rebeca,Poacher,Mrs,4195750755,6033 Cody Crossing,43699,Ohio,United States,US,3
285,Dani,Gooley,Honorable,4029395751,41 Dottie Parkway,68105,Nebraska,United States,US,7
286,Rosamond,Greasty,Mr,2025185450,3 Corscot Way,20591,District of Columbia,United States,US,2
287,Theodosia,Nealey,Honorable,5041116412,42 Blaine Center,70174,Louisiana,United States,US,3
288,Deerdre,McGee,Mrs,4048497445,198 Little Fleur Way,30375,Georgia,United States,US,2
289,Jacques,Hollier,Honorable,8012743055,82644 Welch Park,84110,Utah,United States,US,4
290,Jessee,Rossbrook,Mrs,2063302165,4 Marcy Alley,98424,Washington,United States,US,3
291,Nikaniki,Goodsell,Dr,2022362425,17 Luster Drive,20268,District of Columbia,United States,US,5
292,Bess,Skellorne,Honorable,3346128577,407 Kennedy Lane,36134,Alabama,United States,US,3
293,Chiarra,Rout,Mr,2621008424,7 Cambridge Junction,53405,Wisconsin,United States,US,5
294,Jared,Pinsent,Dr,9205001269,4 Grayhawk Point,54305,Wisconsin,United States,US,1
295,Adrianna,Kalinke,Rev,3032670280,4 Mosinee Park,80161,Colorado,United States,US,6
296,Land,Ourtic,Honorable,9205905199,70 Lunder Lane,54313,Wisconsin,United States,US,6
297,Quincey,Kassidy,Dr,3345052828,728 Autumn Leaf Way,36134,Alabama,United States,US,4
298,Catie,Chalcraft,Rev,8061943501,921 Hollow Ridge Hill,79118,Texas,United States,US,2
299,Krystalle,Cholonin,Honorable,9182321942,5390 Schurz Alley,74141,Oklahoma,United States,US,3
300,Peria,Golledge,Ms,8011864973,14 Melody Park,84409,Utah,United States,US,6
301,Humbert,Crampin,Dr,2537732188,503 Laurel Alley,98464,Washington,United States,US,4
302,Malva,Sauvain,Dr,2026737057,9599 Cody Park,20456,District of Columbia,United States,US,6
303,Raf,Mingotti,Mrs,7818426262,0857 Declaration Junction,02472,Massachusetts,United States,US,8
304,Sapphire,Brose,Honorable,4231849918,283 Daystar Circle,37605,Tennessee,United States,US,5
305,Gisele,Tilly,Mrs,2032045641,17858 Cambridge Avenue,06606,Connecticut,United States,US,4
306,Amble,Ragbourn,Mr,8069610908,636 Bonner Terrace,79491,Texas,United States,US,1
307,Onofredo,Arnely,Rev,2172295627,942 Village Green Place,62776,Illinois,United States,US,7
308,Wendeline,Diment,Mrs,2242339245,87 Monument Parkway,60604,Illinois,United States,US,5
309,Zachery,Snaddon,Mr,3173538737,49542 Sherman Road,46221,Indiana,United States,US,5
310,Madge,Stodd,Dr,5106705534,329 Schiller Hill,94544,California,United States,US,2
311,Maddalena,Scarfe,Honorable,3184269318,31 Esch Center,71105,Louisiana,United States,US,1
312,Padget,Leask,Dr,6173594678,59976 Sutherland Parkway,02298,Massachusetts,United States,US,1
313,Ursola,McLorinan,Honorable,3047769135,60827 Mosinee Street,25356,West Virginia,United States,US,2
314,Darius,Allicock,Dr,7129952115,8892 Quincy Plaza,51110,Iowa,United States,US,8
315,Mauricio,Hayto,Mr,6087062721,96784 Northfield Pass,53785,Wisconsin,United States,US,1
316,Richie,Stainton,Ms,8161047431,05284 Del Sol Court,64054,Missouri,United States,US,6
317,Bard,Astlatt,Dr,4409330285,7 Tomscot Point,44177,Ohio,United States,US,5
318,Kaela,Espada,Mrs,7572449026,60 Maple Drive,23471,Virginia,United States,US,2
319,Kaspar,Sumption,Ms,2023275752,6474 Red Cloud Alley,20508,District of Columbia,United States,US,8
320,Barbara,Heaseman,Mr,8635192885,02 Forster Park,33972,Florida,United States,US,2
321,Gena,Remer,Rev,9149716718,91446 Rutledge Court,10705,New York,United States,US,6
322,Johnette,Bucklee,Ms,8014407833,6640 Briar Crest Court,84093,Utah,United States,US,1
323,Rudyard,Pedler,Dr,3365367664,1 Independence Alley,27409,North Carolina,United States,US,4
324,Brandy,DelaField,Honorable,7015898382,74714 Browning Trail,58207,North Dakota,United States,US,2
325,Jeannine,Llewelly,Dr,5152445045,33 Jenifer Trail,50347,Iowa,United States,US,5
326,Godwin,Squirrel,Dr,8641272139,10326 Bunting Point,29610,South Carolina,United States,US,1
327,Brittney,Goodboddy,Rev,2028267244,54591 Messerschmidt Center,20073,District of Columbia,United States,US,2
328,Dorothee,Blundan,Mr,7133199773,78 North Parkway,77505,Texas,United States,US,3
329,Conrade,Wolvey,Honorable,3133380209,91460 Marcy Terrace,48217,Michigan,United States,US,2
330,Avril,Neil,Mrs,5851618202,61090 Almo Lane,14624,New York,United States,US,4
331,Hermia,Stoves,Honorable,6121200616,09547 Laurel Drive,55114,Minnesota,United States,US,5
332,Gerty,Gallamore,Honorable,7017279548,021 Monica Crossing,58505,North Dakota,United States,US,1
333,Cherey,Tuckwood,Honorable,9491448952,5472 Oakridge Junction,92867,California,United States,US,3
334,Bank,Cocklie,Rev,2153353832,5 Crescent Oaks Trail,19172,Pennsylvania,United States,US,8
335,Renata,Lawday,Honorable,7274429260,4727 John Wall Plaza,34629,Florida,United States,US,5
336,Raddie,Toovey,Rev,3303061009,56 Texas Hill,44329,Ohio,United States,US,7
337,Thomas,Emson,Mrs,3373695758,635 Lerdahl Way,70607,Louisiana,United States,US,6
338,Garland,Brogden,Mrs,3146558661,68972 Dayton Parkway,63196,Missouri,United States,US,4
339,Anabal,Fynn,Mr,9108013359,1506 Messerschmidt Court,28314,North Carolina,United States,US,1
340,Rodolph,Attridge,Rev,8176268945,0980 Michigan Lane,76134,Texas,United States,US,6
341,Lauritz,Fozzard,Dr,2024292586,1638 Express Avenue,20525,District of Columbia,United States,US,8
342,Bambie,Lars,Mr,3052056762,7310 Kedzie Point,33283,Florida,United States,US,4
343,Fianna,Mueller,Mrs,3092494866,536 Waxwing Plaza,60351,Illinois,United States,US,7
344,Farley,Jobe,Dr,3377150288,677 Gateway Plaza,70505,Louisiana,United States,US,2
345,Adelice,Dickson,Rev,8052977958,205 Eliot Court,93106,California,United States,US,4
346,Hayes,Behagg,Mrs,3136800713,737 Acker Circle,48258,Michigan,United States,US,6
347,Shirlene,Easum,Mr,2027685164,3 Farmco Road,20520,District of Columbia,United States,US,3
348,Eziechiele,Swepstone,Mr,4234397242,0427 Waxwing Parkway,37450,Tennessee,United States,US,1
349,Cherise,Jone,Dr,4073684756,6954 Sycamore Point,32885,Florida,United States,US,7
350,Nathan,Abad,Mr,3233841335,26 Grayhawk Place,91411,California,United States,US,3
351,Giles,Gibbeson,Honorable,3186506341,8 Springview Hill,71307,Louisiana,United States,US,6
352,Dilan,Osburn,Ms,3125351991,9 Green Ridge Hill,60193,Illinois,United States,US,5
353,Sarine,Broadfoot,Dr,8089406039,36 Northwestern Junction,96820,Hawaii,United States,US,5
354,Helaine,Titchen,Mr,7146912823,08201 Clyde Gallagher Hill,92825,California,United States,US,4
355,Wilhelm,Shepheard,Dr,7147573594,47 Rigney Alley,92612,California,United States,US,3
356,Janelle,Milham,Rev,6026882917,29 Hollow Ridge Center,85067,Arizona,United States,US,3
357,Neddy,Cardall,Dr,6027581092,671 Crescent Oaks Trail,85045,Arizona,United States,US,5
358,Neda,Squibb,Rev,5136446344,413 Lakewood Hill,45233,Ohio,United States,US,2
359,Wolf,Mungham,Mrs,5057423227,1516 Mallory Avenue,87110,New Mexico,United States,US,7
360,Cora,Cleary,Honorable,7161517484,0010 Steensland Road,14233,New York,United States,US,2
361,Anne-marie,Schimank,Rev,2819875627,4 Barnett Point,77050,Texas,United States,US,4
362,Rey,Kinch,Mrs,4044479735,41 Darwin Pass,30386,Georgia,United States,US,5
363,Jaime,Moncey,Mr,7191499625,3742 Grover Way,80945,Colorado,United States,US,3
364,Evy,Richings,Honorable,8621307498,18411 Banding Avenue,07188,New Jersey,United States,US,8
365,Prinz,Marrian,Mrs,8589286829,13562 Burrows Plaza,92056,California,United States,US,2
366,Gayleen,Rump,Rev,8474783985,33246 Kingsford Avenue,60078,Illinois,United States,US,8
367,Bryan,Volante,Dr,5109199125,0331 Coleman Junction,94611,California,United States,US,6
368,Jesse,Oswell,Mrs,6825677150,8 Badeau Plaza,76162,Texas,United States,US,5
369,Koo,Shimuk,Rev,9419102862,986 Reindahl Lane,34642,Florida,United States,US,7
370,Merrielle,Duckett,Rev,9073638735,61 Hagan Center,99790,Alaska,United States,US,5
371,Nessie,Werndly,Ms,7195848762,88513 Toban Plaza,81010,Colorado,United States,US,4
372,Raina,Yuryatin,Rev,5308748477,30 Lyons Trail,96154,California,United States,US,2
373,Ronna,Stickles,Mrs,3059881540,9638 Upham Hill,33283,Florida,United States,US,7
374,Evy,Hairsine,Mr,7145772537,78 Lindbergh Way,92825,California,United States,US,5
375,Merv,Mackie,Rev,3475509957,00 Scoville Avenue,11241,New York,United States,US,6
376,Walther,Bohden,Rev,4023072319,357 Jenifer Pass,68524,Nebraska,United States,US,8
377,Wildon,Brailsford,Ms,3031003278,2 Scoville Alley,80044,Colorado,United States,US,7
378,Artair,Caudelier,Mrs,5629985514,5716 Everett Center,90605,California,United States,US,8
379,Philipa,Rigg,Mr,7025751822,69 Northfield Drive,89140,Nevada,United States,US,6
380,Allegra,Flode,Mr,7859449749,7986 Union Place,66622,Kansas,United States,US,1
381,Simeon,Wincer,Mr,2169989247,4 Mandrake Park,44111,Ohio,United States,US,7
382,Mayer,Banthorpe,Mrs,7723732944,94326 Artisan Lane,34985,Florida,United States,US,5
383,Vernen,Zavattieri,Dr,5718307539,57 Warrior Hill,22156,Virginia,United States,US,8
384,Felice,Loren,Mr,4088965157,3187 Briar Crest Lane,95054,California,United States,US,4
385,Alexandra,Sheryne,Dr,7757458119,5701 Summer Ridge Terrace,89436,Nevada,United States,US,5
386,Iseabal,Boatwright,Dr,9122827991,13055 Red Cloud Avenue,31416,Georgia,United States,US,4
387,Ossie,Beathem,Mr,2024591021,41 Dayton Park,20226,District of Columbia,United States,US,6
388,Sibylla,Simmens,Mrs,5151528726,78316 Jay Road,50310,Iowa,United States,US,7
389,Corbet,Ollier,Dr,3366328706,28404 Rutledge Street,27150,North Carolina,United States,US,6
390,Reagan,Bushby,Honorable,8127099979,7502 Laurel Circle,47812,Indiana,United States,US,6
391,Harper,McWhorter,Honorable,3093298473,915 Sauthoff Court,61709,Illinois,United States,US,6
392,Carlye,Purdy,Ms,4125024968,522 Old Shore Drive,15286,Pennsylvania,United States,US,8
393,Georas,Spurgin,Mrs,2145985180,92 Mcbride Trail,75358,Texas,United States,US,5
394,Hattie,Hartas,Ms,6128031582,5 Aberg Alley,55412,Minnesota,United States,US,5
395,Brynn,MacAirt,Mrs,6166498367,34726 Eastlawn Street,49518,Michigan,United States,US,7
396,Deanna,Kelbie,Rev,2484845772,1372 International Alley,48098,Michigan,United States,US,7
397,Jacky,Di Iorio,Mr,8288393732,54275 Bunker Hill Crossing,28805,North Carolina,United States,US,6
398,Elizabeth,Doudney,Dr,6461620572,6752 Tennyson Place,10175,New York,United States,US,1
399,Lynnea,Lynch,Mrs,8604779887,599 Eliot Trail,06145,Connecticut,United States,US,1
400,Shanta,Jennins,Ms,2514477446,2 Talisman Avenue,36610,Alabama,United States,US,3
401,Brigitta,Lorait,Rev,8041834519,0972 Kinsman Street,23203,Virginia,United States,US,7
402,Elias,Chell,Mr,5737567936,1581 Hanson Trail,65218,Missouri,United States,US,7
403,Angelia,Savill,Mr,3145590855,9293 Main Trail,63196,Missouri,United States,US,8
404,Randi,Carbin,Dr,5408305318,35 Karstens Junction,24004,Virginia,United States,US,5
405,Ximenez,Breckenridge,Dr,3217623397,3116 Green Ridge Road,32819,Florida,United States,US,6
406,Lura,Crippen,Ms,2025134985,0262 Shelley Circle,20299,District of Columbia,United States,US,2
407,Vyky,Bissill,Ms,6126640245,1306 Clove Alley,55480,Minnesota,United States,US,4
408,Dom,Filtness,Ms,2103697064,2240 Northport Circle,78285,Texas,United States,US,5
409,Bale,Loisi,Dr,6024025002,3 Starling Alley,85305,Arizona,United States,US,8
410,Marcelline,Basset,Mrs,8139861832,5 Green Street,33620,Florida,United States,US,1
411,Allyn,Brownsett,Ms,7026507883,344 Oak Valley Way,89012,Nevada,United States,US,4
412,Drona,Beadman,Rev,7274564746,6784 Donald Crossing,33731,Florida,United States,US,6
413,Portie,Arpin,Honorable,9192933399,389 Arizona Street,27658,North Carolina,United States,US,1
414,Bondon,Pracy,Ms,7066628053,016 Randy Plaza,30911,Georgia,United States,US,3
415,Poppy,Bilbee,Ms,8184497383,28 Oriole Point,91205,California,United States,US,8
416,Zared,Ebdon,Ms,2696378380,369 Butternut Pass,49006,Michigan,United States,US,6
417,Trefor,Adam,Mr,8085679128,143 Forest Dale Trail,96835,Hawaii,United States,US,3
418,Cybil,Gellately,Dr,2127903967,02 Brentwood Terrace,10184,New York,United States,US,1
419,Cyrill,Leacy,Rev,5125564558,8 Springs Trail,78759,Texas,United States,US,2
420,Leonora,Tiffany,Ms,2091030484,5 David Lane,95210,California,United States,US,5
421,Delores,Yankin,Rev,8505896334,643 Bellgrove Crossing,32526,Florida,United States,US,3
422,Corrinne,Ickovicz,Mrs,2677973333,0566 Manitowish Place,19136,Pennsylvania,United States,US,1
423,Marj,MacMaster,Rev,2161631958,63 Burning Wood Crossing,44191,Ohio,United States,US,2
424,Kirbee,Acum,Honorable,3022252234,81748 Glendale Center,19897,Delaware,United States,US,2
425,Fleurette,Jopke,Honorable,9379508037,0940 Ruskin Alley,45414,Ohio,United States,US,7
426,Harlen,Radbourne,Honorable,2108285750,0907 Kennedy Drive,78220,Texas,United States,US,2
427,Sherie,Pinel,Mrs,7027952683,54 Main Crossing,89150,Nevada,United States,US,4
428,Gualterio,Keedy,Honorable,3096543883,2405 Schmedeman Pass,61709,Illinois,United States,US,5
429,Dedra,Plumb,Ms,7183018557,96 Dahle Way,11436,New York,United States,US,5
430,Miner,Whitechurch,Honorable,7862527552,19 Garrison Way,33245,Florida,United States,US,4
431,Travis,Totton,Mrs,2148819202,318 Novick Terrace,75049,Texas,United States,US,6
432,Alexis,Ilem,Mrs,7276197293,8490 Nelson Park,33737,Florida,United States,US,8
433,Giovanni,Raspel,Honorable,2812503698,56 Cherokee Plaza,77388,Texas,United States,US,4
434,Edin,Rossetti,Ms,4127985701,53495 Clove Junction,15255,Pennsylvania,United States,US,2
435,Jolie,Megson,Mr,5732509754,714 Fuller Avenue,65218,Missouri,United States,US,2
436,Lila,Alastair,Ms,2059634465,1 Packers Street,35205,Alabama,United States,US,1
437,Martina,Cupitt,Dr,8162495502,91 Basil Center,64101,Missouri,United States,US,1
438,Marlo,Hanson,Dr,9722538029,82 Meadow Valley Junction,75246,Texas,United States,US,2
439,Loydie,Headey,Dr,9172092717,15 Victoria Hill,10474,New York,United States,US,4
440,Aldwin,Brittlebank,Mrs,2539915129,1446 Bay Avenue,98516,Washington,United States,US,7
441,Marti,Fairhead,Mrs,2178038233,5961 Cottonwood Crossing,61825,Illinois,United States,US,5
442,Alicea,Yepiskov,Mrs,2027430782,2 Norway Maple Way,20370,District of Columbia,United States,US,5
443,Guinevere,Dunbobin,Mr,5012815014,244 Oxford Way,72199,Arkansas,United States,US,4
444,Genny,Eckery,Dr,3038218981,1 Rockefeller Court,80243,Colorado,United States,US,6
445,Chris,Rathjen,Ms,8147918861,220 Annamark Junction,16534,Pennsylvania,United States,US,6
446,Edvard,Foottit,Mrs,7272321228,06566 Ryan Plaza,33731,Florida,United States,US,1
447,Benedict,Wooles,Dr,6156032348,61 Clarendon Lane,37240,Tennessee,United States,US,8
448,Pavla,Goodisson,Rev,9011541077,9209 Gerald Crossing,38131,Tennessee,United States,US,3
449,Enriqueta,Borrett,Rev,9152350666,022 Golf Course Point,88574,Texas,United States,US,1
450,Cathi,Snoxall,Honorable,3038865877,43 Jenna Hill,80291,Colorado,United States,US,3
451,Bell,Gorbell,Dr,2155306456,41201 Loomis Street,19191,Pennsylvania,United States,US,5
452,Casey,Denizet,Mrs,2144343904,9 Corry Court,75379,Texas,United States,US,7
453,Kati,Greated,Ms,4052408378,43 Bellgrove Trail,73142,Oklahoma,United States,US,5
454,Mariquilla,Bonass,Dr,3049281932,07 Petterle Plaza,25362,West Virginia,United States,US,5
455,Giulia,Breydin,Rev,7866037396,69875 Johnson Pass,33018,Florida,United States,US,1
456,Lars,Lamborn,Rev,4044306957,63 Gerald Crossing,30356,Georgia,United States,US,8
457,Garik,Stebles,Ms,2012007399,051 Caliangt Place,07305,New Jersey,United States,US,2
458,Evyn,Dowbiggin,Rev,2675412816,41147 Dovetail Junction,19115,Pennsylvania,United States,US,8
459,Matt,Curror,Ms,7868962927,49 Kropf Junction,33111,Florida,United States,US,7
460,King,Gleadhall,Rev,6193451589,4 Declaration Lane,92170,California,United States,US,7
461,Gertruda,Kinnen,Ms,7046361015,7 Mcbride Drive,28205,North Carolina,United States,US,8
462,Darwin,Thorneywork,Honorable,5098927525,434 Crownhardt Street,98907,Washington,United States,US,5
463,Hobie,MacAllister,Ms,3058012807,21294 Farmco Center,33023,Florida,United States,US,6
464,Gisela,Mercik,Dr,8173510409,51 Cambridge Hill,76129,Texas,United States,US,8
465,Micheal,Meconi,Ms,7135518407,16 Vermont Circle,77035,Texas,United States,US,1
466,Roi,Randales,Mrs,8083131287,75 John Wall Lane,96850,Hawaii,United States,US,3
467,Cece,Grzeszczyk,Dr,8031685772,530 Homewood Park,29225,South Carolina,United States,US,7
468,Garfield,Hessay,Ms,5049743593,5 Green Crossing,70149,Louisiana,United States,US,4
469,Keslie,Geeves,Mrs,3042130216,759 Fordem Place,25716,West Virginia,United States,US,7
470,Trixy,Kemmis,Dr,6179544748,2431 Holmberg Plaza,02283,Massachusetts,United States,US,1
471,Heath,Geggie,Ms,6094120401,50276 Village Alley,08608,New Jersey,United States,US,8
472,Shaina,Tumbelty,Ms,8063306639,5774 Lakewood Gardens Trail,79105,Texas,United States,US,5
473,Lynn,Radeliffe,Rev,3168772254,12 Mitchell Parkway,67260,Kansas,United States,US,7
474,Garwin,McCrainor,Rev,5856046720,2606 Goodland Way,14639,New York,United States,US,8
475,Tom,Evered,Mr,5718605778,4 Everett Crossing,22234,Virginia,United States,US,6
476,Mabel,Walkington,Mr,4052285017,83121 Stephen Place,73157,Oklahoma,United States,US,4
477,Wilek,Powelee,Ms,6612213349,870 Farragut Plaza,93584,California,United States,US,6
478,Niall,Sansun,Ms,6125191013,5724 Jana Alley,55407,Minnesota,United States,US,1
479,Jessalin,Gietz,Honorable,3611981337,5825 Anniversary Pass,78475,Texas,United States,US,2
480,Romain,Moorhead,Mr,8506445453,7340 Melvin Circle,32309,Florida,United States,US,1
481,Tarrah,Drews,Honorable,2025973068,309 Union Hill,20319,District of Columbia,United States,US,6
482,Erl,Tyers,Dr,3157968410,54 Dawn Avenue,13205,New York,United States,US,5
483,Cara,Tesyro,Ms,7637062812,457 Jackson Pass,55441,Minnesota,United States,US,6
484,Jeanine,Batrick,Mrs,8505927817,330 Heffernan Crossing,32575,Florida,United States,US,1
485,Katharine,Lafayette,Honorable,9492671529,66380 Nevada Alley,92867,California,United States,US,8
486,Prudi,Blything,Ms,9376687474,65 Village Green Crossing,45414,Ohio,United States,US,4
487,Pen,McCurrie,Rev,9046263924,64 Crowley Point,32259,Florida,United States,US,8
488,Alister,Jansen,Mr,7181814068,69983 Carberry Alley,10454,New York,United States,US,8
489,Fredi,McGrale,Mrs,4049579616,3401 Everett Parkway,30045,Georgia,United States,US,5
490,Demeter,Van Der Hoog,Dr,8623390859,6252 Toban Way,07195,New Jersey,United States,US,7
491,Sanders,Steer,Mr,2258806344,235 Village Green Drive,70820,Louisiana,United States,US,1
492,Gareth,Camel,Ms,9153059194,55 Talisman Court,88535,Texas,United States,US,4
493,Carny,Sharphouse,Honorable,7173711682,55 Mcbride Point,17140,Pennsylvania,United States,US,6
494,Dag,Popworth,Ms,3021681582,4588 Sunnyside Street,19897,Delaware,United States,US,1
495,Ainslee,Dablin,Mr,7195470665,59478 Cambridge Avenue,81010,Colorado,United States,US,1
496,Maurine,Blackey,Honorable,3601667929,8660 Mccormick Drive,98109,Washington,United States,US,1
497,Erin,Magovern,Mr,8503260193,36 Ryan Alley,32526,Florida,United States,US,7
498,Karol,Crighton,Ms,3611435675,4 Hooker Plaza,78415,Texas,United States,US,6
499,Tulley,Dowzell,Mr,9188343575,77886 Banding Hill,74184,Oklahoma,United States,US,2
500,Jozef,Schops,Ms,3091938404,883 Onsgard Lane,61656,Illinois,United States,US,4
501,Roselin,Verity,Rev,5014179650,0 Pond Lane,71914,Arkansas,United States,US,3
502,Allis,Jerrom,Mrs,7195016337,1 Leroy Place,80940,Colorado,United States,US,3
503,Myranda,Liverseege,Honorable,4156482743,3303 Karstens Way,94147,California,United States,US,6
504,Arlin,Pummell,Mr,8176393518,61 Corry Point,76004,Texas,United States,US,8
505,Court,Sayes,Mr,3051830260,64 Ramsey Terrace,33180,Florida,United States,US,3
506,Riobard,Backson,Ms,2531915848,954 Morningstar Circle,98447,Washington,United States,US,2
507,Shanie,Evennett,Mr,7203177991,89 Atwood Trail,80255,Colorado,United States,US,1
508,Almira,Custance,Mr,8164716192,5 Eagle Crest Circle,64149,Missouri,United States,US,3
509,Alfonse,Kern,Rev,8122182226,19235 Magdeline Junction,47719,Indiana,United States,US,1
510,Gradey,Pearch,Rev,5203373015,5639 Farmco Road,85732,Arizona,United States,US,2
511,Mar,Sheeres,Mr,5209472058,60978 Montana Hill,85720,Arizona,United States,US,3
512,Julie,Brimming,Mr,2056974625,2176 Eastlawn Alley,35210,Alabama,United States,US,6
513,Sigvard,Owtram,Mr,4057685451,6 Hallows Way,73129,Oklahoma,United States,US,4
514,Rennie,Tattershall,Rev,3179165660,945 Brickson Park Junction,46226,Indiana,United States,US,2
515,Aundrea,Brundale,Mrs,9714127008,3806 North Parkway,97271,Oregon,United States,US,4
516,Cora,Wingeatt,Rev,8065975160,10478 Sycamore Place,79405,Texas,United States,US,7
517,Timotheus,Heining,Dr,6155752876,3172 Declaration Street,37210,Tennessee,United States,US,8
518,Corina,Lamkin,Rev,8502492353,3 Anderson Park,32314,Florida,United States,US,3
519,Nessi,Frood,Mr,2625113371,19 Namekagon Junction,53405,Wisconsin,United States,US,4
520,Shandie,Fandrich,Mrs,9374430921,48152 Grim Road,45470,Ohio,United States,US,2
521,Shayne,Snooks,Rev,2034714179,20 Vidon Trail,06606,Connecticut,United States,US,8
522,Garrard,Giraudel,Dr,5624310853,8954 Nobel Center,90847,California,United States,US,2
523,Katlin,McMullen,Honorable,3184219255,9 Carioca Terrace,71166,Louisiana,United States,US,4
524,Caddric,Ochterlony,Dr,5183123638,724 Butterfield Hill,12237,New York,United States,US,2
525,Fremont,Rolley,Dr,7348193257,34186 Manley Pass,48107,Michigan,United States,US,1
526,Ulrica,Eberz,Mrs,5026300878,698 Debs Avenue,40280,Kentucky,United States,US,4
527,Fara,Pippin,Rev,2021130217,7645 Northwestern Crossing,20022,District of Columbia,United States,US,6
528,Fawn,Darree,Honorable,2124174020,47910 School Pass,11254,New York,United States,US,3
529,Godfrey,Jeffers,Mr,9012639964,35 Brickson Park Center,38161,Tennessee,United States,US,7
530,Hildagard,Holborn,Mr,5134625549,12311 Hintze Way,45254,Ohio,United States,US,4
531,Cairistiona,Lenz,Mr,5093900661,3911 Jenifer Hill,99260,Washington,United States,US,3
532,Lina,Cropp,Mrs,7276652286,8 Hollow Ridge Point,34643,Florida,United States,US,1
533,Addie,Leppo,Ms,8126655444,4255 Namekagon Hill,47732,Indiana,United States,US,8
534,Morganne,Brickwood,Mr,3036331401,09 Rigney Crossing,80217,Colorado,United States,US,8
535,Hiram,Dalinder,Mrs,7139961726,1900 Hoffman Way,77288,Texas,United States,US,8
536,Drucy,Pavlovsky,Rev,4057410151,85251 Troy Road,73104,Oklahoma,United States,US,4
537,Bebe,Brotherhood,Dr,5187569757,92 Debra Street,12325,New York,United States,US,7
538,Earlie,Vanelli,Mrs,2026712123,1508 Pankratz Way,20088,District of Columbia,United States,US,8
539,Clyve,Brannigan,Dr,6128475526,9147 David Center,55448,Minnesota,United States,US,6
540,Ivett,Cashmore,Honorable,2143605343,7 Warrior Drive,75265,Texas,United States,US,7
541,Shell,Tellesson,Mr,9154822409,36 Shasta Parkway,79945,Texas,United States,US,4
542,Sam,Ruckledge,Rev,9013617882,873 Emmet Road,38126,Tennessee,United States,US,7
543,Corbin,Thomton,Ms,2815840660,429 Superior Hill,77050,Texas,United States,US,7
544,Tanya,McKellen,Ms,8063453669,2771 South Hill,79452,Texas,United States,US,4
545,Trude,Moan,Dr,7042870537,93464 Rieder Road,28220,North Carolina,United States,US,8
546,Humfrey,Gauler,Mrs,5168891143,4882 Randy Terrace,11407,New York,United States,US,6
547,Barbi,Struijs,Rev,2146654802,17739 Crescent Oaks Park,75049,Texas,United States,US,1
548,Nikita,Squelch,Mrs,5101995084,740 Oak Valley Lane,94622,California,United States,US,1
549,Liuka,Mandell,Rev,8059454966,15856 Anhalt Lane,93106,California,United States,US,5
550,Andie,Geratasch,Honorable,8321744201,27411 Emmet Street,77060,Texas,United States,US,8
551,Elle,Labone,Mrs,2039487787,0278 Oxford Pass,06505,Connecticut,United States,US,5
552,Julius,Lethley,Rev,7572486044,08574 Stuart Park,23514,Virginia,United States,US,5
553,Elsie,Cordelle,Mrs,5128265964,763 Golf Terrace,78764,Texas,United States,US,6
554,Kerianne,Houchen,Mr,2819059777,63681 Bonner Trail,77293,Texas,United States,US,7
555,Kaleena,Amsden,Mrs,2565530368,73 Banding Plaza,36205,Alabama,United States,US,5
556,Conan,Allston,Mrs,6186887535,8619 Pleasure Drive,62205,Illinois,United States,US,2
557,Earle,Fontel,Ms,2606117506,0898 Mallard Crossing,46825,Indiana,United States,US,8
558,Franklin,Ivers,Dr,7632916445,467 Lotheville Terrace,55412,Minnesota,United States,US,6
559,Shelia,Bullin,Ms,9166910593,1 Memorial Crossing,95852,California,United States,US,5
560,Sibyl,Van der Son,Dr,5123700025,4074 Prairieview Hill,78783,Texas,United States,US,8
561,Kenon,Piletic,Ms,9139544468,57493 Esker Plaza,66276,Kansas,United States,US,6
562,Miranda,Oloshin,Mrs,6619934848,4 Butternut Place,91411,California,United States,US,8
563,Basilius,Stoggell,Mr,9375368891,08817 Arizona Place,45505,Ohio,United States,US,4
564,Wye,Yuranovev,Mr,7024959301,76220 New Castle Plaza,89155,Nevada,United States,US,4
565,Lauraine,Poat,Mrs,4125874011,31741 Brentwood Street,15274,Pennsylvania,United States,US,1
566,Giorgi,Dener,Ms,7856957742,5 Straubel Place,66606,Kansas,United States,US,1
567,Sheryl,Hazelden,Honorable,9151254870,45 Prentice Trail,88530,Texas,United States,US,7
568,Tab,Harrad,Dr,3186966834,3 Rockefeller Hill,71166,Louisiana,United States,US,7
569,Marlo,Harrap,Dr,5094421353,4 Tony Lane,98907,Washington,United States,US,4
570,Sallyann,Ions,Rev,9146581208,85 Fordem Court,10633,New York,United States,US,1
571,Gus,Kitchen,Ms,4021964300,96 Farmco Center,68179,Nebraska,United States,US,5
572,Alexina,Winsor,Mr,9373552943,653 Monterey Crossing,45490,Ohio,United States,US,2
573,Charin,Nisbith,Dr,4177414782,75 Bartelt Avenue,65805,Missouri,United States,US,7
574,Jephthah,Arthey,Rev,5702165346,87 Northview Park,18763,Pennsylvania,United States,US,8
575,Lief,Lattimer,Ms,9716754901,08 Columbus Terrace,97232,Oregon,United States,US,2
576,Nowell,Goldie,Mrs,2128766087,051 Dawn Crossing,11247,New York,United States,US,6
577,Reggy,Merrien,Honorable,5716619763,66 Sheridan Junction,22156,Virginia,United States,US,6
578,Raff,Billison,Mrs,5161596989,1983 Fremont Hill,11854,New York,United States,US,3
579,Creight,Fucher,Honorable,4083381940,01 Quincy Hill,94089,California,United States,US,7
580,Bartlett,Hackforth,Rev,2679262846,4 Stoughton Center,18018,Pennsylvania,United States,US,6
581,Lalo,Lancashire,Dr,9737672639,6 Becker Plaza,07104,New Jersey,United States,US,2
582,Matthias,Lyndon,Rev,3235749991,81147 Vahlen Junction,91406,California,United States,US,1
583,Chucho,Gounet,Mrs,7132769626,1122 Sherman Plaza,77020,Texas,United States,US,6
584,Rodina,Ferryn,Mrs,5854789699,13897 Talmadge Parkway,14609,New York,United States,US,7
585,Cesar,Timperley,Ms,7604279610,4900 Hermina Crossing,92121,California,United States,US,2
586,Zarla,Lethlay,Mr,9159230224,74 Dwight Court,79916,Texas,United States,US,3
587,Aurlie,McMenamie,Rev,9168855221,8 Tomscot Street,95838,California,United States,US,8
588,Annice,Brik,Ms,6616409759,1 Algoma Lane,93584,California,United States,US,8
589,Nina,Lorenc,Rev,4808017478,5684 Ruskin Lane,85045,Arizona,United States,US,6
590,Cyndi,Carl,Rev,4692006802,886 Fuller Road,75062,Texas,United States,US,8
591,Othilia,Adne,Honorable,6464875446,513 Moland Trail,10155,New York,United States,US,7
592,Nefen,Whisker,Honorable,3037745587,707 Pond Crossing,80299,Colorado,United States,US,2
593,Boote,Halversen,Honorable,7133857994,406 Goodland Way,77055,Texas,United States,US,6
594,Alexio,Hollyer,Honorable,6035010060,4080 David Place,00214,New Hampshire,United States,US,7
595,Waverly,East,Mrs,6019865995,64469 Lakeland Pass,39296,Mississippi,United States,US,3
596,Adena,Huguet,Mrs,7023559361,49389 Menomonie Terrace,89145,Nevada,United States,US,8
597,Lorianna,Ferby,Honorable,2127774861,886 Birchwood Court,11499,New York,United States,US,2
598,Hilario,Rummings,Mrs,6016539943,11597 Commercial Terrace,39305,Mississippi,United States,US,3
599,Grady,Sparrow,Mrs,6011701125,70 Brentwood Trail,39305,Mississippi,United States,US,7
600,Othilie,Barcroft,Mrs,4103888645,14254 Larry Terrace,21684,Maryland,United States,US,4
601,Howie,Pays,Mrs,2133414398,5546 Clemons Road,90050,California,United States,US,2
602,Harper,Bramo,Ms,8137573064,6 Kinsman Drive,33615,Florida,United States,US,3
603,Cherish,Catterall,Rev,7065933567,781 Spenser Way,30605,Georgia,United States,US,1
604,Fidela,Wandtke,Ms,2067974523,76 Clemons Junction,98195,Washington,United States,US,7
605,Gare,Toye,Dr,4101527223,097 Havey Parkway,21216,Maryland,United States,US,3
606,Francois,Hyndson,Rev,8657310291,2767 Coolidge Park,37931,Tennessee,United States,US,2
607,Damien,Danser,Mr,3864025016,761 Veith Plaza,32128,Florida,United States,US,4
608,Arman,Lulham,Honorable,4804958627,52 Transport Way,85271,Arizona,United States,US,7
609,Corie,Hinnerk,Ms,2028658979,13 Mendota Road,20535,District of Columbia,United States,US,3
610,Yale,Vlasenkov,Honorable,8607068708,304 Beilfuss Point,06160,Connecticut,United States,US,4
611,Edwina,Futter,Mr,8163621394,8473 Gina Court,64193,Missouri,United States,US,6
612,Ann-marie,Yeskin,Mr,6024262271,231 Sloan Trail,85083,Arizona,United States,US,1
613,Geri,Mallinder,Ms,3105899058,0459 Steensland Parkway,90035,California,United States,US,7
614,Minna,Domotor,Honorable,4694920016,123 Lillian Plaza,75216,Texas,United States,US,6
615,Carrissa,Matelyunas,Ms,2026637451,2 Riverside Hill,20231,District of Columbia,United States,US,5
616,Lauretta,Haffard,Honorable,3102994308,94 Mifflin Plaza,90015,California,United States,US,8
617,Donielle,Blaiklock,Ms,3093120769,725 Pond Way,61640,Illinois,United States,US,2
618,Sancho,Cox,Honorable,4073254141,19 Dottie Crossing,32868,Florida,United States,US,6
619,Rourke,Townson,Ms,2106617205,76128 Grasskamp Avenue,78240,Texas,United States,US,4
620,Shae,MacGray,Ms,9041572699,31149 Quincy Plaza,32230,Florida,United States,US,4
621,Adan,Megarry,Mr,5157914384,7 Mcbride Hill,50981,Iowa,United States,US,7
622,Baxie,O'Kielt,Mrs,2602678313,29 Ridgeview Crossing,46896,Indiana,United States,US,1
623,Myrah,Neem,Rev,5627049627,858 Village Alley,94110,California,United States,US,7
624,Jodi,Clooney,Mr,5158475074,97012 Esch Way,50347,Iowa,United States,US,5
625,Wilma,Hartigan,Dr,2086195630,859 Pearson Court,83732,Idaho,United States,US,7
626,Corabella,Jamme,Dr,2103267881,74 Roxbury Park,78265,Texas,United States,US,2
627,Lonnie,Sketcher,Mrs,2059974843,8054 Milwaukee Drive,35263,Alabama,United States,US,1
628,Doyle,Lebbon,Honorable,8134870543,086 Petterle Pass,33661,Florida,United States,US,8
629,Nikos,Moye,Ms,4252604765,2 Maple Court,98206,Washington,United States,US,4
630,Devan,Giggs,Rev,5127362504,96 Mcguire Court,78703,Texas,United States,US,3
631,Philly,Goble,Rev,8129983862,90 David Circle,47712,Indiana,United States,US,3
632,Maurizio,Sidaway,Honorable,7575250404,3789 Chive Court,23612,Virginia,United States,US,6
633,Kirbee,Shea,Ms,3136081834,3 Lien Circle,48206,Michigan,United States,US,1
634,Ealasaid,Gilkison,Mrs,7182378456,7 Lakewood Park,10469,New York,United States,US,2
635,Leia,McLugish,Honorable,3864834579,84148 Vahlen Center,32123,Florida,United States,US,7
636,Maren,Kinnard,Mrs,9076324847,96 Thompson Plaza,99790,Alaska,United States,US,3
637,Nicolai,Christoffe,Dr,7202423252,7 Butterfield Pass,80255,Colorado,United States,US,5
638,Elset,Linney,Mrs,7572438792,52 Emmet Pass,23520,Virginia,United States,US,2
639,Romy,O'Growgane,Mrs,2517544497,13843 East Road,36616,Alabama,United States,US,7
640,Madelaine,Carbine,Dr,8011584757,7064 Welch Place,84199,Utah,United States,US,6
641,Shaw,MacNab,Ms,2038914624,4653 Susan Park,06825,Connecticut,United States,US,5
642,Basil,Duns,Dr,8143320836,55 Eastwood Terrace,16522,Pennsylvania,United States,US,8
643,Marne,Hallick,Mr,2533711039,2165 Macpherson Alley,98464,Washington,United States,US,6
644,Salvador,Healks,Rev,9195098580,38 1st Court,27621,North Carolina,United States,US,2
645,Judd,Pococke,Mr,2039645945,7505 Trailsway Center,06510,Connecticut,United States,US,4
646,Abby,Danskine,Rev,5595654556,040 Surrey Street,93291,California,United States,US,5
647,Jack,Haycroft,Honorable,2021785116,0391 Northridge Alley,20088,District of Columbia,United States,US,7
648,Val,Muat,Mrs,5109730705,3698 Ludington Park,94712,California,United States,US,2
649,Elna,Gosnold,Honorable,2151704710,1189 Merry Road,19191,Pennsylvania,United States,US,4
650,Clio,Ouchterlony,Mrs,9717021688,8006 Straubel Street,97312,Oregon,United States,US,4
651,Layla,Tuxill,Mr,9012601491,3 Raven Junction,38104,Tennessee,United States,US,3
652,Seumas,Giurio,Honorable,5206230116,8 Knutson Way,85732,Arizona,United States,US,6
653,Florida,McLaughlin,Ms,5594628340,59 Ludington Plaza,93786,California,United States,US,3
654,Shir,Ruddoch,Ms,9043047844,6 Waubesa Avenue,32230,Florida,United States,US,1
655,Ag,Ames,Honorable,7271415502,87783 Westport Terrace,33742,Florida,United States,US,5
656,Ramona,Berston,Dr,7738966015,741 Saint Paul Park,60614,Illinois,United States,US,7
657,Prinz,Olivier,Ms,7327273041,15 Gateway Crossing,08922,New Jersey,United States,US,2
658,Joelie,Ralls,Honorable,4017343173,6762 Oak Valley Place,02905,Rhode Island,United States,US,2
659,Floris,Phillcock,Dr,2143631576,72 Loftsgordon Drive,75287,Texas,United States,US,5
660,Peggi,Killbey,Dr,4784009931,63 Westridge Park,31210,Georgia,United States,US,3
661,Didi,Whiten,Mr,7168734920,68 4th Hill,14210,New York,United States,US,2
662,Xylia,Leidecker,Ms,6177512829,4 Mockingbird Junction,02458,Massachusetts,United States,US,3
663,Ofelia,O'Fielly,Dr,5092425872,4415 3rd Crossing,99215,Washington,United States,US,8
664,Arvy,Carreck,Honorable,5151653740,0241 Cherokee Way,50981,Iowa,United States,US,7
665,Georgeanna,Forrest,Ms,4347454259,093 Farmco Court,22111,Virginia,United States,US,2
666,Shana,Scrigmour,Mrs,2146958852,85907 Raven Drive,75392,Texas,United States,US,6
667,Sharla,Sturney,Mr,5037559363,9018 4th Place,97306,Oregon,United States,US,8
668,Lesli,Storrs,Dr,7029599205,07 Talisman Way,89115,Nevada,United States,US,5
669,Annetta,Yashanov,Ms,3369891370,046 Ilene Street,27499,North Carolina,United States,US,5
670,Dael,Ellice,Mr,2607982931,681 Moulton Parkway,46862,Indiana,United States,US,6
671,Lionello,Tuddall,Ms,2544216639,06 Holmberg Drive,76711,Texas,United States,US,6
672,Lazaro,Petts,Ms,3052666531,3 Linden Drive,33158,Florida,United States,US,4
673,Bride,Di Maggio,Ms,5595749270,39 Merchant Way,93786,California,United States,US,2
674,Natalina,Vaud,Mr,5058152817,66919 Orin Lane,87195,New Mexico,United States,US,6
675,Joscelin,Coskerry,Honorable,4025879972,6090 Kim Lane,68517,Nebraska,United States,US,5
676,Moll,Dockreay,Rev,7319808077,07 Schiller Junction,38308,Tennessee,United States,US,2
677,Denys,Otham,Dr,5125716572,5176 Iowa Drive,78715,Texas,United States,US,1
678,Falito,McQuaker,Mr,4149257556,726 Memorial Trail,53263,Wisconsin,United States,US,1
679,Holden,Snap,Honorable,4083762222,348 Warner Junction,95128,California,United States,US,5
680,Lois,Speeding,Mrs,2038197128,5 Forest Run Trail,06510,Connecticut,United States,US,7
681,Sigismund,Spires,Mrs,4057486668,692 Prairieview Park,73142,Oklahoma,United States,US,5
682,Carlo,Gooderidge,Ms,3176643465,0 Schmedeman Hill,46226,Indiana,United States,US,1
683,Mala,Beedon,Honorable,7137783244,04 Saint Paul Hill,77266,Texas,United States,US,6
684,Valaria,Liggins,Rev,9158961807,74 Gerald Park,88579,Texas,United States,US,4
685,Cedric,Loyns,Mrs,9158541658,1 Logan Junction,79928,Texas,United States,US,7
686,Kanya,Kornilyev,Dr,5185344250,081 Bayside Street,12237,New York,United States,US,4
687,Simonette,Allsep,Mrs,2035987201,1 Spaight Avenue,06673,Connecticut,United States,US,5
688,Heriberto,Schlagman,Dr,4126827191,5421 Montana Crossing,15279,Pennsylvania,United States,US,6
689,Alfy,Braybrookes,Honorable,8175771843,74 Ridge Oak Trail,76129,Texas,United States,US,3
690,Jase,Grishelyov,Rev,8166652343,92093 Dakota Court,64114,Missouri,United States,US,4
691,Hestia,Brettor,Mr,4041873452,462 Johnson Parkway,30386,Georgia,United States,US,3
692,Alden,Benoey,Dr,3349702611,71883 Warbler Avenue,36119,Alabama,United States,US,1
693,Lolita,Matiewe,Mr,8646987088,39382 West Trail,29319,South Carolina,United States,US,7
694,Linn,Chasles,Honorable,9517223337,37563 Goodland Circle,92513,California,United States,US,2
695,Denney,Danielczyk,Rev,6264831340,9093 Tomscot Road,91103,California,United States,US,7
696,Lynette,Wharrier,Mr,3132780714,244 Bellgrove Avenue,48217,Michigan,United States,US,2
697,Betta,Cowlam,Rev,7855577178,861 Basil Court,66606,Kansas,United States,US,8
698,Thorin,Roan,Mr,8131733077,95539 Pine View Pass,33610,Florida,United States,US,6
699,Julietta,Becke,Honorable,2105961053,33 Cody Lane,78245,Texas,United States,US,4
700,Linnell,Cake,Rev,6174555025,0 Hansons Place,02216,Massachusetts,United States,US,7
701,Adriana,Dankersley,Mrs,2176573505,02 Toban Parkway,62718,Illinois,United States,US,5
702,Shalne,Braithwaite,Mrs,9156694479,7036 Bobwhite Drive,79940,Texas,United States,US,5
703,Rickey,Road,Ms,2532355537,476 Oak Crossing,98498,Washington,United States,US,6
704,Glenda,Olliver,Dr,8174128509,52509 Arkansas Court,76134,Texas,United States,US,8
705,Chick,Larway,Dr,7574905446,34 Waywood Parkway,23436,Virginia,United States,US,8
706,Graeme,Maric,Ms,3055999494,47093 Marcy Circle,33261,Florida,United States,US,7
707,Base,Lewnden,Dr,4045821509,1 Doe Crossing Parkway,31106,Georgia,United States,US,8
708,Sapphira,Lightowler,Rev,3139688023,03 Fallview Circle,48232,Michigan,United States,US,4
709,Ronnie,Hillock,Honorable,8038830583,42840 Hudson Center,29805,South Carolina,United States,US,2
710,Alene,Werner,Rev,9093731995,7617 Vermont Parkway,92405,California,United States,US,6
711,Adriena,Clough,Honorable,5055332730,18 Carioca Road,87140,New Mexico,United States,US,7
712,Kippy,Semrad,Honorable,7022937798,85 Kenwood Terrace,89155,Nevada,United States,US,3
713,Jonathon,Scallan,Mr,2605169036,0 Farmco Street,46825,Indiana,United States,US,5
714,Federica,Bowsher,Rev,4346459983,662 Stang Lane,22908,Virginia,United States,US,1
715,Dorris,Bearfoot,Mr,3606349087,0773 Springs Lane,98506,Washington,United States,US,7
716,Costa,Stuckey,Dr,2022518756,160 Corscot Plaza,20409,District of Columbia,United States,US,7
717,Anna-diane,Ilive,Rev,4044748568,2 Gerald Junction,30358,Georgia,United States,US,4
718,Guinna,Lumm,Mrs,2056336398,62 Kensington Avenue,35279,Alabama,United States,US,5
719,Jecho,Haldane,Honorable,9091633668,64713 Sunfield Plaza,92415,California,United States,US,7
720,Vinson,Jarret,Honorable,7022635009,11 Center Circle,89155,Nevada,United States,US,4
721,Johnnie,Le Noire,Ms,2086553193,730 Bultman Place,83705,Idaho,United States,US,7
722,Barny,Addey,Rev,6051227107,6 Sundown Alley,57198,South Dakota,United States,US,7
723,Cynthie,Portch,Ms,9735640614,374 Spenser Place,07522,New Jersey,United States,US,6
724,Janeva,Wyant,Dr,5595484012,8 Briar Crest Crossing,93291,California,United States,US,2
725,Keven,Edards,Mr,4075548933,48 Sutteridge Lane,32854,Florida,United States,US,7
726,Lew,Rosewarne,Mrs,3609459016,0 Melrose Road,98506,Washington,United States,US,7
727,Angelia,Teape,Ms,4023011845,84250 Wayridge Crossing,68179,Nebraska,United States,US,5
728,Zaneta,Malcolm,Dr,4017975494,4 Reinke Center,02912,Rhode Island,United States,US,8
729,Elbert,Pulley,Dr,8081742726,39761 Transport Junction,96810,Hawaii,United States,US,2
730,Hamid,Banyard,Honorable,2027623451,29839 Ohio Circle,20425,District of Columbia,United States,US,4
731,Milissent,Madner,Mr,5047957034,85943 Roxbury Lane,70179,Louisiana,United States,US,7
732,Kearney,Janiszewski,Mrs,6153841089,5 Miller Hill,37250,Tennessee,United States,US,3
733,Garner,Annear,Ms,3348695943,0 Nevada Way,36119,Alabama,United States,US,6
734,Iolande,Belk,Dr,4025971231,72706 Helena Point,68583,Nebraska,United States,US,8
735,Anastasia,Kiebes,Rev,2395729395,562 Stoughton Plaza,34114,Florida,United States,US,3
736,Ashlan,Colquyte,Honorable,4155527515,0 Village Green Parkway,94142,California,United States,US,3
737,Myrvyn,Garnul,Mr,3309299024,288 Hoffman Point,44485,Ohio,United States,US,4
738,Ginger,Burchmore,Honorable,7653715674,0906 Scoville Hill,47306,Indiana,United States,US,4
739,Siward,Trewinnard,Ms,4192353592,865 Amoth Avenue,43610,Ohio,United States,US,3
740,Joey,Raddin,Honorable,9193972900,49 East Alley,27717,North Carolina,United States,US,7
741,Robinet,Gerkens,Mr,2813413539,799 Mockingbird Way,77505,Texas,United States,US,4
742,Constanta,Adame,Mrs,8042080695,62 Namekagon Pass,23228,Virginia,United States,US,2
743,Lavina,Kunkler,Honorable,7573897060,53551 Browning Place,23464,Virginia,United States,US,1
744,Kimberlyn,Crowden,Mrs,2622360117,6428 Bowman Trail,53405,Wisconsin,United States,US,7
745,Nikolaos,Bonnet,Honorable,2152818933,473 Kinsman Drive,19115,Pennsylvania,United States,US,7
746,Dorothy,Filyashin,Mr,7759076321,83 Hauk Pass,89714,Nevada,United States,US,4
747,Wilfred,Pole,Mrs,2027703371,95 Donald Pass,20010,District of Columbia,United States,US,6
748,Remy,Christaeas,Mrs,4089326677,21207 Sugar Street,95113,California,United States,US,5
749,Allard,Patis,Honorable,2541126785,63 Canary Place,76544,Texas,United States,US,3
750,Averyl,Maplethorpe,Dr,5203062955,10684 Lawn Avenue,85705,Arizona,United States,US,2
751,Jabez,Winfred,Mr,2095077684,26458 Grayhawk Crossing,93721,California,United States,US,5
752,Nessa,Boxhill,Honorable,3123196696,15168 8th Point,60686,Illinois,United States,US,1
753,La verne,Hollyer,Rev,9152655052,271 Buhler Drive,79984,Texas,United States,US,1
754,Emilio,Attfield,Dr,7161310248,4742 Harbort Court,14215,New York,United States,US,2
755,Tabbie,Dyball,Rev,2187705667,8075 Gerald Junction,55805,Minnesota,United States,US,7
756,Stesha,Darell,Rev,8012219837,28 Armistice Road,84093,Utah,United States,US,1
757,Tull,Gossington,Mrs,7133499289,5 Nelson Avenue,77010,Texas,United States,US,2
758,Koralle,Gammet,Mrs,7176428999,4931 Holy Cross Plaza,17110,Pennsylvania,United States,US,3
759,Wakefield,Greenshields,Mrs,3035690179,32 Pond Parkway,80279,Colorado,United States,US,8
760,Geno,Gaenor,Mrs,3045027031,3665 Cardinal Court,25709,West Virginia,United States,US,4
761,Jacques,Osbourne,Mr,5033786011,886 Anderson Crossing,97286,Oregon,United States,US,5
762,Sunny,Hallworth,Dr,2141389485,5 High Crossing Pass,75323,Texas,United States,US,6
763,Lissy,Duddridge,Dr,5203811569,8801 Monterey Road,85715,Arizona,United States,US,1
764,Cheri,Bruineman,Honorable,3144164550,1557 Monica Place,63143,Missouri,United States,US,1
765,Gonzales,McCreery,Mr,5627812687,451 Arrowood Crossing,90831,California,United States,US,4
766,Trude,Beszant,Ms,9168701279,0811 Lillian Drive,94291,California,United States,US,2
767,Steffen,Portail,Dr,5015063970,695 Meadow Ridge Way,72118,Arkansas,United States,US,4
768,Eryn,Flanner,Rev,9529872335,114 Cascade Hill,55573,Minnesota,United States,US,3
769,Courtnay,Delatour,Mr,6618000163,8 Lerdahl Road,93591,California,United States,US,6
770,Terza,Domokos,Honorable,9527639982,2 Garrison Road,55579,Minnesota,United States,US,7
771,Gretchen,Melin,Dr,3604708933,05 Weeping Birch Lane,98664,Washington,United States,US,8
772,Adolpho,Tossell,Honorable,8587145111,96 Lawn Point,94121,California,United States,US,5
773,Claire,McConway,Rev,5127105454,83 Talmadge Point,78703,Texas,United States,US,1
774,Josias,Powlett,Honorable,5029458966,435 Tony Court,40266,Kentucky,United States,US,4
775,Ainsley,Ricciardiello,Rev,7739162050,20448 Monica Junction,60614,Illinois,United States,US,5
776,Holly,Perton,Honorable,2034880293,6703 Troy Court,06922,Connecticut,United States,US,3
777,Feodora,Canacott,Ms,2545566686,739 Declaration Place,76705,Texas,United States,US,4
778,Ulrika,Segot,Mr,2158773290,834 Pepper Wood Road,19125,Pennsylvania,United States,US,1
779,Rosmunda,Sharland,Mr,5709282493,0 Alpine Street,18706,Pennsylvania,United States,US,1
780,Quentin,Hulburt,Honorable,9525283053,94 Longview Court,55441,Minnesota,United States,US,7
781,Rod,Antuoni,Dr,5086927953,064 East Pass,02162,Massachusetts,United States,US,2
782,Mindy,Weetch,Dr,9183869803,31395 Spenser Center,74116,Oklahoma,United States,US,1
783,Sula,Cloake,Honorable,8135695861,8 Hanover Lane,33686,Florida,United States,US,2
784,Sigismundo,Dillingham,Ms,6191194440,497 Scofield Terrace,92115,California,United States,US,5
785,Genia,Fasham,Rev,2173072443,27 Prairie Rose Court,62776,Illinois,United States,US,6
786,Lorraine,Tapping,Mrs,2136065008,6104 Helena Circle,90189,California,United States,US,2
787,Leeland,Grocutt,Mr,3524542917,4 Brown Place,34605,Florida,United States,US,1
788,Felice,De Fries,Honorable,6784487757,3 Talisman Park,30245,Georgia,United States,US,2
789,Christie,Orvis,Dr,5042317202,1836 Michigan Parkway,70005,Louisiana,United States,US,6
790,Meryl,Moody,Ms,6025001169,82 Russell Way,85072,Arizona,United States,US,6
791,Dalton,Bowne,Ms,7048388914,09 1st Road,28235,North Carolina,United States,US,4
792,Bucky,Bodiam,Ms,9135985775,5135 Macpherson Parkway,66215,Kansas,United States,US,6
793,Deloria,Streets,Dr,3189655874,774 Iowa Hill,71115,Louisiana,United States,US,6
794,Angelle,Northbridge,Rev,5702206529,12112 Hermina Crossing,18514,Pennsylvania,United States,US,1
795,Adeline,Varns,Ms,3033284747,6787 Old Shore Park,80262,Colorado,United States,US,6
796,Clemmie,Bend,Dr,5408403419,248 Kennedy Trail,24048,Virginia,United States,US,2
797,Cindy,Boissier,Rev,7277774080,7 Daystar Circle,33737,Florida,United States,US,4
798,Alvinia,Charlon,Ms,7049358306,8 Ridgeway Hill,28272,North Carolina,United States,US,3
799,Jacenta,Greir,Honorable,8431719169,20 Haas Plaza,29579,South Carolina,United States,US,6
800,Edy,Mish,Mrs,7024092754,15623 Holmberg Parkway,89012,Nevada,United States,US,6
801,Andris,Durnill,Ms,5028246833,4 Kennedy Avenue,40225,Kentucky,United States,US,4
802,Kamillah,Balme,Dr,2029327118,03 Butternut Drive,20599,District of Columbia,United States,US,2
803,Ardys,Cordeau],Mrs,7246757633,9 Carioca Pass,15210,Pennsylvania,United States,US,1
804,Onfre,Marriott,Honorable,9529995258,5 Dakota Circle,55557,Minnesota,United States,US,6
805,Lu,Snufflebottom,Dr,7189190861,0639 Blackbird Terrace,10009,New York,United States,US,2
806,Dorella,Sowden,Rev,3165430988,7527 Mifflin Circle,67210,Kansas,United States,US,6
807,Paulo,Matzel,Mr,4695787244,302 Bluestem Center,75216,Texas,United States,US,3
808,Amabelle,Mylechreest,Mr,9156243547,93 Vera Road,88541,Texas,United States,US,5
809,Drucie,O'Dare,Mrs,3028892513,274 Corben Parkway,19897,Delaware,United States,US,5
810,Muffin,Tinson,Ms,9787130134,93 Trailsway Point,02283,Massachusetts,United States,US,4
811,Bondy,Peckett,Ms,2144584065,26811 Fremont Road,75358,Texas,United States,US,3
812,Darbie,Tully,Dr,4028444022,284 4th Trail,68124,Nebraska,United States,US,1
813,Barbabra,Fawdry,Dr,5617273780,4 Butternut Park,33436,Florida,United States,US,7
814,Mariel,Blight,Honorable,4073765649,0 Vahlen Way,32830,Florida,United States,US,5
815,Dorine,Stampe,Ms,2097610621,5 Helena Hill,95354,California,United States,US,8
816,Berne,Wearn,Ms,5132037547,07501 Main Alley,45264,Ohio,United States,US,2
817,Carlie,Callard,Dr,2022832509,41 Columbus Drive,20205,District of Columbia,United States,US,8
818,Colby,Jonk,Ms,3477923891,22 Bartelt Parkway,10469,New York,United States,US,3
819,Geoff,Dobell,Rev,4841004613,642 Rowland Point,18018,Pennsylvania,United States,US,8
820,Caro,Boggis,Ms,8132179402,184 Ilene Street,33543,Florida,United States,US,3
821,Mavra,Willets,Rev,9043218764,67 Kenwood Place,32092,Florida,United States,US,4
822,Raddie,Joppich,Ms,8437941784,8131 Holy Cross Road,29403,South Carolina,United States,US,6
823,Heindrick,Laux,Mrs,7739940278,422 Dexter Hill,60630,Illinois,United States,US,6
824,Joly,Boneham,Dr,2102266529,78 Parkside Trail,78285,Texas,United States,US,6
825,Leta,Matfield,Rev,2537891257,771 Morrow Junction,98447,Washington,United States,US,5
826,Stormi,Altimas,Rev,3034462871,75 Karstens Lane,80044,Colorado,United States,US,3
827,Robbie,Scutter,Mr,7128203881,8 Maple Place,51105,Iowa,United States,US,5
828,Winni,Elcocks,Rev,2536600248,80359 Burrows Street,98464,Washington,United States,US,2
829,Cammi,Grain,Honorable,8586711288,246 Fairview Park,92132,California,United States,US,1
830,Emelen,Wanstall,Mr,8016471321,871 Jenifer Lane,84199,Utah,United States,US,6
831,Lutero,Wallenger,Rev,9045058595,7100 Iowa Hill,32230,Florida,United States,US,8
832,Elsa,Brookwell,Mr,7271676851,3 Vidon Plaza,34620,Florida,United States,US,7
833,Buffy,Wilbor,Dr,3165125094,47 Killdeer Circle,67205,Kansas,United States,US,7
834,Mildred,Bumpus,Dr,8041810575,83105 Arrowood Hill,23237,Virginia,United States,US,6
835,Edi,Shernock,Ms,7277465905,43109 Jenifer Road,34643,Florida,United States,US,5
836,Arvin,Latus,Mr,2021363135,5 Myrtle Road,22301,Virginia,United States,US,4
837,Emelina,Coombes,Honorable,9126214091,7 Oxford Crossing,31410,Georgia,United States,US,6
838,Cece,Hoofe,Mrs,2053212976,62 Eagan Crossing,35263,Alabama,United States,US,6
839,Malinde,Prestidge,Mrs,5021870399,68 4th Lane,40266,Kentucky,United States,US,2
840,Margo,Maybery,Mr,3041004118,0374 Kensington Court,25709,West Virginia,United States,US,3
841,Charla,Noonan,Honorable,2143079849,2795 Glacier Hill Road,75323,Texas,United States,US,8
842,Lianna,Rutt,Mr,3017980783,90 Eagan Avenue,21405,Maryland,United States,US,4
843,Cary,Rate,Honorable,9899360995,809 Nobel Alley,48604,Michigan,United States,US,6
844,Viole,O'Flannery,Mr,2109419649,59 Knutson Trail,78245,Texas,United States,US,3
845,Andrus,Cheley,Honorable,5166692755,6 North Trail,11024,New York,United States,US,5
846,Glori,Casillas,Mrs,7578577664,6889 Darwin Plaza,23605,Virginia,United States,US,2
847,Sollie,Lathee,Rev,5152736488,30775 Elka Center,50310,Iowa,United States,US,4
848,Verney,Payze,Rev,7732206267,13 Moland Drive,60641,Illinois,United States,US,2
849,Venus,McAreavey,Honorable,5167848088,9683 Elmside Center,11024,New York,United States,US,3
850,Fowler,Lamperd,Dr,5121403224,5954 Sugar Hill,78778,Texas,United States,US,4
851,Eugen,Reicherz,Mrs,9528054176,65 Pond Hill,55557,Minnesota,United States,US,7
852,Ranna,Coverley,Honorable,7736818497,21087 Fair Oaks Junction,60641,Illinois,United States,US,7
853,Vidovik,Leyrroyd,Honorable,2097593874,53912 Ronald Regan Terrace,95219,California,United States,US,8
854,Elnora,Kitchenman,Honorable,9374261483,66768 Fair Oaks Parkway,45419,Ohio,United States,US,3
855,Agathe,Kingham,Mr,3148674731,57 Rockefeller Plaza,63150,Missouri,United States,US,4
856,Carleton,Castlake,Rev,5719222449,5237 Northland Center,20167,Virginia,United States,US,2
857,Lin,Lippitt,Rev,7277527649,9891 Fair Oaks Hill,33742,Florida,United States,US,3
858,Lorinda,Fesby,Mr,9168382715,30302 7th Pass,94257,California,United States,US,8
859,Findley,Letterese,Mr,8597377267,252 Vidon Crossing,40581,Kentucky,United States,US,1
860,Brody,Tukesby,Ms,4052687144,36717 Cody Center,73167,Oklahoma,United States,US,8
861,Worthington,Saunton,Honorable,8659658955,01263 Manitowish Pass,37914,Tennessee,United States,US,3
862,Tucky,Lovekin,Mr,9042727895,18 Johnson Terrace,32220,Florida,United States,US,7
863,Kerrin,Cliburn,Honorable,3126900297,0 Fair Oaks Road,60681,Illinois,United States,US,3
864,Tommi,Stairs,Honorable,4195496983,68752 Petterle Circle,43699,Ohio,United States,US,5
865,Norry,Bartlam,Mr,4151693799,7 Continental Lane,94154,California,United States,US,8
866,Augusta,Walkley,Ms,5101174205,3190 Esch Point,95823,California,United States,US,3
867,Moina,Vuitte,Mr,2122945894,72 Forster Trail,10184,New York,United States,US,6
868,Costa,Skures,Honorable,2257740925,5919 Lukken Avenue,70810,Louisiana,United States,US,8
869,Brockie,Flewin,Mrs,6101529738,39 Brickson Park Court,18105,Pennsylvania,United States,US,8
870,Peggi,Neubigging,Mr,5128777901,87281 Rieder Terrace,78769,Texas,United States,US,7
871,Virginie,Ingles,Rev,2065261699,21327 Merrick Way,98115,Washington,United States,US,1
872,Lauree,Althrop,Dr,7864343869,81 Bowman Drive,33233,Florida,United States,US,1
873,Cullan,Coote,Ms,9127108396,961 Bonner Drive,31416,Georgia,United States,US,4
874,Emilee,Santi,Mr,9197243840,8 Victoria Junction,27717,North Carolina,United States,US,4
875,Eirena,Sargant,Ms,9168243246,95 La Follette Parkway,94250,California,United States,US,3
876,Fidel,Cregan,Honorable,7349183606,97160 Comanche Court,48258,Michigan,United States,US,1
877,Eada,Giannotti,Mr,2038095917,33488 Moose Plaza,06905,Connecticut,United States,US,8
878,Melinde,Gilloran,Rev,9159457078,0 Scoville Place,79934,Texas,United States,US,4
879,Donella,Reven,Dr,7132227034,22 Hermina Lane,77266,Texas,United States,US,7
880,Chalmers,McCaffery,Dr,9522306747,9173 Gale Lane,55551,Minnesota,United States,US,2
881,Kenna,Goering,Honorable,2675775382,8474 Walton Crossing,19146,Pennsylvania,United States,US,4
882,Davida,Nuton,Ms,8054896323,49266 7th Road,93150,California,United States,US,3
883,Webster,Shemming,Mrs,3195445580,56 Troy Park,52245,Iowa,United States,US,8
884,Uriel,Airth,Mrs,2092838495,08690 Waxwing Junction,95397,California,United States,US,8
885,Gris,McGlew,Ms,2609674808,39396 Hollow Ridge Crossing,46867,Indiana,United States,US,7
886,Laughton,Chark,Dr,4145958311,3089 North Pass,53215,Wisconsin,United States,US,6
887,Hasty,Bramble,Ms,8327354114,5469 Lotheville Way,77025,Texas,United States,US,2
888,Tomas,Harper,Ms,5136731446,0 Montana Lane,45249,Ohio,United States,US,3
889,Belita,Woliter,Mr,9414234583,8868 Dixon Plaza,33954,Florida,United States,US,7
890,Alejandrina,Gater,Dr,7547721093,8484 Summerview Alley,33075,Florida,United States,US,2
891,Zachariah,Wiggin,Mr,9721786344,47353 Darwin Center,75342,Texas,United States,US,6
892,Kynthia,Halse,Mrs,4849513169,5418 Scoville Hill,19495,Pennsylvania,United States,US,4
893,Lucas,Shervil,Rev,8026478004,169 Emmet Road,05609,Vermont,United States,US,7
894,Cecil,Cornwell,Mr,6267880206,579 Dawn Street,91131,California,United States,US,5
895,Wilona,Zanicchelli,Ms,4141295824,0061 Boyd Circle,53225,Wisconsin,United States,US,5
896,Bink,Bartram,Rev,2176186553,539 Lien Trail,62756,Illinois,United States,US,6
897,Deirdre,Verdun,Ms,6508341818,9975 8th Crossing,95113,California,United States,US,1
898,Frieda,Cullington,Ms,6263380645,9159 Jenna Crossing,91199,California,United States,US,1
899,Paulette,Mallord,Rev,8606335896,0 Garrison Avenue,06120,Connecticut,United States,US,5
900,Wenonah,McKenna,Dr,2067047415,1 Coleman Hill,98133,Washington,United States,US,1
901,Layla,Newson,Mr,8046807632,682 Cherokee Center,23289,Virginia,United States,US,2
902,Othella,Antonetti,Rev,7075673917,836 Clemons Crossing,95405,California,United States,US,8
903,Kris,Guage,Honorable,8083225142,718 Hanover Plaza,96840,Hawaii,United States,US,6
904,Franzen,Allday,Rev,5206975349,305 Nevada Crossing,86305,Arizona,United States,US,5
905,Bethena,Sibbald,Honorable,7869952245,14 Old Gate Way,33190,Florida,United States,US,6
906,Maurice,Antoniak,Honorable,5705994840,01 Aberg Point,18514,Pennsylvania,United States,US,8
907,Hank,Pinkney,Honorable,5033434648,62033 Donald Circle,97296,Oregon,United States,US,3
908,Cleve,Rayer,Dr,3057868949,83095 Coolidge Trail,33129,Florida,United States,US,8
909,Datha,Diss,Honorable,6023076389,46830 Victoria Park,85077,Arizona,United States,US,4
910,Giana,Fitchet,Mrs,5086891799,43 Cordelia Hill,02162,Massachusetts,United States,US,7
911,Brenna,Bennie,Mrs,9707035920,48 Mockingbird Pass,81505,Colorado,United States,US,6
912,Corinne,Seeborne,Rev,2027495033,45 Colorado Hill,20540,District of Columbia,United States,US,1
913,Celinka,Kingswoode,Rev,5713115272,2 Miller Alley,22156,Virginia,United States,US,8
914,Rupert,Bosdet,Honorable,2127160144,33 Hooker Pass,10024,New York,United States,US,5
915,Hannie,Regglar,Honorable,2137590128,2035 Butterfield Alley,90101,California,United States,US,4
916,Burnaby,Shepton,Rev,2534761377,95 Vermont Parkway,98464,Washington,United States,US,6
917,Rabi,Govern,Dr,4023261290,23572 Dahle Plaza,68583,Nebraska,United States,US,4
918,Waldemar,Bonnick,Mrs,4046959980,28170 Ramsey Junction,31190,Georgia,United States,US,6
919,Lynette,MacKean,Dr,8168406896,26752 Beilfuss Circle,64054,Missouri,United States,US,6
920,Elfie,Rockwell,Dr,3524686522,6593 Anzinger Place,34474,Florida,United States,US,3
921,Talya,Shalliker,Ms,8505908929,14 Waxwing Street,32590,Florida,United States,US,6
922,Cathlene,Foan,Ms,5184074196,07138 Schurz Alley,12305,New York,United States,US,7
923,Bevin,Emmitt,Rev,5156418274,23712 Judy Avenue,50936,Iowa,United States,US,4
924,Vail,Burdas,Rev,8069338641,0 Hanson Road,79415,Texas,United States,US,6
925,Tobe,Japp,Honorable,5042000237,4520 Esker Park,70187,Louisiana,United States,US,4
926,Jewelle,Parlatt,Rev,8016229491,5226 Autumn Leaf Hill,84152,Utah,United States,US,7
927,Rolf,Blanckley,Mrs,2024292163,9886 Fuller Trail,20580,District of Columbia,United States,US,2
928,Jesus,Ghirardi,Dr,7078507854,6 Towne Avenue,94975,California,United States,US,6
929,Sophia,Chaize,Mrs,2255210932,17130 Laurel Place,70805,Louisiana,United States,US,6
930,Aubrey,Hestrop,Honorable,4129686668,878 Rusk Junction,15240,Pennsylvania,United States,US,7
931,Dex,Stonier,Rev,9419618061,21 Dexter Terrace,34210,Florida,United States,US,2
932,Rae,Razzell,Ms,7731543139,010 Haas Lane,60609,Illinois,United States,US,3
933,Elroy,Tather,Mr,3039838088,95 Karstens Circle,80161,Colorado,United States,US,6
934,Dorey,Shilstone,Honorable,9133762497,5230 Toban Parkway,66276,Kansas,United States,US,4
935,Miranda,Ingyon,Mrs,3861824960,68 Basil Trail,32128,Florida,United States,US,4
936,Broderick,Dessent,Mrs,2815764045,005 Lyons Street,77293,Texas,United States,US,4
937,Kaleena,Mushrow,Rev,8163144856,78 Cordelia Place,64160,Missouri,United States,US,1
938,Donall,Titta,Rev,4155871584,53638 Dottie Trail,94164,California,United States,US,2
939,Dwayne,Agneau,Ms,2027402440,083 Lakewood Gardens Lane,20029,District of Columbia,United States,US,5
940,Antonietta,Whiscard,Honorable,6615993173,467 Blackbird Avenue,93381,California,United States,US,7
941,Ike,Skeeles,Rev,2144007114,50553 Service Junction,75277,Texas,United States,US,1
942,Jae,Bourgeois,Honorable,3155855761,28 Chinook Point,13224,New York,United States,US,5
943,Melinda,Sommerfeld,Ms,3526509672,4 Fallview Park,34474,Florida,United States,US,3
944,Ferne,Taylorson,Mr,3046876473,55722 Shasta Drive,25709,West Virginia,United States,US,6
945,Margarita,Deerr,Honorable,2038199763,2 Weeping Birch Parkway,06859,Connecticut,United States,US,1
946,Aldric,Caswill,Dr,5035445928,5852 Fairview Avenue,97306,Oregon,United States,US,3
947,Reeva,O'Hearn,Mr,5011430874,66 Arizona Way,72215,Arkansas,United States,US,5
948,Rogerio,Carus,Rev,8121394052,52129 5th Place,47719,Indiana,United States,US,2
949,Cordy,Malinson,Ms,3179571029,0 Nelson Lane,46221,Indiana,United States,US,8
950,Finlay,Lewcock,Mrs,6233679903,83 Hazelcrest Road,85015,Arizona,United States,US,3
951,Evania,Stutte,Ms,3614927284,2 Lindbergh Avenue,78426,Texas,United States,US,3
952,Mimi,Breen,Ms,9154680409,078 Loomis Park,88525,Texas,United States,US,5
953,Chauncey,Kirlin,Rev,2255201411,4641 Hoepker Road,70836,Louisiana,United States,US,6
954,Danna,Janks,Rev,9199239030,67543 Hauk Drive,27658,North Carolina,United States,US,8
955,Karry,Liveing,Dr,5713326855,79 Talisman Crossing,22244,Virginia,United States,US,4
956,Leonora,Walduck,Rev,4131121071,38142 Fairview Pass,01105,Massachusetts,United States,US,5
957,Massimiliano,Gawen,Mrs,9152962946,59131 Memorial Pass,79928,Texas,United States,US,7
958,Raul,Blunsom,Mr,7633230068,41 Tony Point,55448,Minnesota,United States,US,7
959,Andrey,Held,Mrs,4052469780,27 Warner Parkway,73190,Oklahoma,United States,US,3
960,Boigie,Ladewig,Mr,3302648873,42 Parkside Road,44321,Ohio,United States,US,8
961,Weston,Grinnell,Mrs,2819755456,816 Hovde Circle,77060,Texas,United States,US,6
962,Trudey,Ethelstone,Mrs,4199828920,3824 Columbus Junction,44905,Ohio,United States,US,6
963,Moyna,Oleszkiewicz,Rev,5022836974,08 Thierer Court,40618,Kentucky,United States,US,7
964,Andras,McLugaish,Rev,9152820454,3376 Schurz Street,79911,Texas,United States,US,3
965,Meredith,Bollini,Honorable,2814357120,2 Atwood Place,77050,Texas,United States,US,2
966,Rancell,Lindelof,Honorable,3039933667,444 Mallory Terrace,80279,Colorado,United States,US,3
967,Maurice,Staries,Ms,4074735665,62938 Bluejay Trail,32859,Florida,United States,US,7
968,Nicoli,Raeburn,Mrs,8122884795,689 Scofield Drive,47812,Indiana,United States,US,4
969,Mitch,Wordesworth,Dr,5044316326,497 Merrick Court,70174,Louisiana,United States,US,1
970,Damiano,Spary,Mrs,7198798792,8727 Maryland Pass,80930,Colorado,United States,US,5
971,Howard,Tuckett,Dr,7205271777,6 Golf Course Junction,80223,Colorado,United States,US,1
972,Hortense,Mensler,Ms,4108012257,31 Hansons Point,21229,Maryland,United States,US,5
973,Rodolph,Laurance,Honorable,3369248000,50 Mendota Crossing,27110,North Carolina,United States,US,6
974,Aubert,Wigginton,Dr,2024255323,7 Dakota Court,20299,District of Columbia,United States,US,8
975,Byrann,Babin,Mrs,6197500807,3753 Hintze Place,92115,California,United States,US,4
976,Denys,Tidman,Dr,7578617160,5 Clarendon Hill,23663,Virginia,United States,US,5
977,Blayne,Byas,Honorable,4024456251,23 High Crossing Point,68505,Nebraska,United States,US,6
978,Brig,Dawks,Honorable,5186313428,26 8th Way,12232,New York,United States,US,2
979,Giorgio,Zanutti,Mrs,7869502649,0 Thackeray Junction,33245,Florida,United States,US,7
980,Calvin,Jagiela,Honorable,4342507116,12 New Castle Court,24515,Virginia,United States,US,7
981,Lynn,Towndrow,Dr,4153433786,98 Leroy Avenue,94142,California,United States,US,2
982,Lorie,O'Looney,Dr,4152227449,709 Cordelia Junction,94132,California,United States,US,8
983,Grata,Springtorp,Ms,2512143059,424 Esch Road,36610,Alabama,United States,US,5
984,Lindsey,Mordaunt,Mr,5205776215,59 Jenifer Pass,85715,Arizona,United States,US,2
985,Abramo,Longfield,Ms,3013716307,2 Eagan Terrace,20709,Maryland,United States,US,5
986,Sky,Suttle,Mrs,2392568961,54015 Logan Hill,33994,Florida,United States,US,2
987,Darnall,Speak,Mr,2546972890,237 Meadow Ridge Street,76711,Texas,United States,US,6
988,Izzy,Medlar,Dr,2023331500,15 Knutson Plaza,20319,District of Columbia,United States,US,3
989,Karlotta,Redon,Mr,5611899897,7 Melody Way,33432,Florida,United States,US,1
990,Bentley,Storm,Ms,5126396820,40 Judy Parkway,78721,Texas,United States,US,6
991,Gearalt,Molson,Rev,8057927713,07296 Hanover Park,93106,California,United States,US,5
992,Asher,Thaim,Rev,4072186993,92183 Petterle Street,32813,Florida,United States,US,5
993,Georgeanna,Denacamp,Dr,9014257245,5175 Jackson Junction,38143,Tennessee,United States,US,2
994,Haven,Gianneschi,Honorable,8048394245,35 Marquette Hill,23293,Virginia,United States,US,2
995,Zaneta,Leeves,Dr,4158180359,93626 Gina Drive,94169,California,United States,US,4
996,Evvie,Ciric,Mrs,7124206012,8125 Dunning Court,51105,Iowa,United States,US,3
997,Roley,Spinello,Mr,7133298410,6 Butternut Alley,77212,Texas,United States,US,7
998,Charline,McGeever,Rev,2398005861,99600 Golf Course Drive,33994,Florida,United States,US,2
999,Winnifred,Cossum,Dr,2346880630,1203 Cambridge Court,44393,Ohio,United States,US,4
1000,Talyah,Thrasher,Mr,4694571021,8 Maryland Junction,75241,Texas,United States,US,8
