id,Number in crew,Soundchecked,Set Time,Number of Band Members,Photo
1,12,true,3:51,2,http://dummyimage.com/128x125.jpg/dddddd/000000
2,1,true,3:48,8,http://dummyimage.com/131x122.bmp/ff4444/ffffff
3,15,true,21:54,8,http://dummyimage.com/165x119.jpg/ff4444/ffffff
4,7,false,10:10,3,http://dummyimage.com/116x105.png/ff4444/ffffff
5,11,true,19:28,6,http://dummyimage.com/126x141.jpg/5fa2dd/ffffff
6,15,true,15:17,3,http://dummyimage.com/172x190.jpg/cc0000/ffffff
7,7,false,13:38,6,http://dummyimage.com/205x177.bmp/5fa2dd/ffffff
8,12,false,10:43,4,http://dummyimage.com/169x139.bmp/cc0000/ffffff
9,4,false,23:55,1,http://dummyimage.com/170x179.jpg/5fa2dd/ffffff
10,3,false,10:52,1,http://dummyimage.com/177x242.png/ff4444/ffffff
11,13,false,12:44,3,http://dummyimage.com/173x163.png/ff4444/ffffff
12,12,false,21:14,8,http://dummyimage.com/231x215.png/dddddd/000000
13,4,true,15:55,5,http://dummyimage.com/155x225.png/cc0000/ffffff
14,15,true,18:38,7,http://dummyimage.com/129x242.bmp/dddddd/000000
15,5,true,0:27,4,http://dummyimage.com/211x137.bmp/5fa2dd/ffffff
16,7,false,20:27,8,http://dummyimage.com/185x119.bmp/5fa2dd/ffffff
17,5,false,10:15,3,http://dummyimage.com/208x124.jpg/5fa2dd/ffffff
18,8,true,8:10,3,http://dummyimage.com/218x244.jpg/ff4444/ffffff
19,7,false,4:21,1,http://dummyimage.com/152x131.jpg/cc0000/ffffff
20,14,true,23:14,2,http://dummyimage.com/210x120.jpg/dddddd/000000
21,5,false,16:35,1,http://dummyimage.com/110x129.png/ff4444/ffffff
22,12,false,15:04,1,http://dummyimage.com/133x144.png/cc0000/ffffff
23,2,false,2:11,4,http://dummyimage.com/127x168.jpg/dddddd/000000
24,7,false,23:20,7,http://dummyimage.com/206x138.png/cc0000/ffffff
25,2,true,8:43,4,http://dummyimage.com/172x239.bmp/dddddd/000000
26,4,true,2:56,2,http://dummyimage.com/105x241.bmp/5fa2dd/ffffff
27,6,true,23:44,6,http://dummyimage.com/203x136.png/cc0000/ffffff
28,3,true,13:38,3,http://dummyimage.com/214x210.png/cc0000/ffffff
29,15,true,2:03,1,http://dummyimage.com/138x221.png/dddddd/000000
30,7,false,0:44,5,http://dummyimage.com/179x143.bmp/ff4444/ffffff
31,15,true,10:24,8,http://dummyimage.com/111x151.png/cc0000/ffffff
32,3,false,23:47,3,http://dummyimage.com/161x160.bmp/ff4444/ffffff
33,5,true,12:42,6,http://dummyimage.com/157x168.bmp/5fa2dd/ffffff
34,2,false,10:55,2,http://dummyimage.com/103x246.jpg/cc0000/ffffff
35,4,false,2:49,1,http://dummyimage.com/178x244.png/dddddd/000000
36,4,false,3:42,4,http://dummyimage.com/121x179.bmp/ff4444/ffffff
37,14,true,19:38,5,http://dummyimage.com/123x195.png/dddddd/000000
38,8,true,10:42,3,http://dummyimage.com/153x221.bmp/cc0000/ffffff
39,12,false,21:34,1,http://dummyimage.com/180x137.png/cc0000/ffffff
40,1,true,9:06,4,http://dummyimage.com/120x151.jpg/dddddd/000000
41,2,false,10:45,1,http://dummyimage.com/211x110.png/ff4444/ffffff
42,12,true,14:48,3,http://dummyimage.com/244x149.png/ff4444/ffffff
43,14,false,12:14,1,http://dummyimage.com/190x172.jpg/cc0000/ffffff
44,4,false,18:43,6,http://dummyimage.com/124x198.jpg/5fa2dd/ffffff
45,10,true,12:25,3,http://dummyimage.com/207x243.jpg/5fa2dd/ffffff
46,5,true,19:06,6,http://dummyimage.com/137x122.jpg/dddddd/000000
47,12,false,4:14,1,http://dummyimage.com/126x108.png/ff4444/ffffff
48,14,true,2:27,3,http://dummyimage.com/139x179.jpg/5fa2dd/ffffff
49,3,true,0:48,1,http://dummyimage.com/242x247.png/5fa2dd/ffffff
50,1,true,10:13,1,http://dummyimage.com/161x111.jpg/dddddd/000000
51,2,true,1:45,6,http://dummyimage.com/110x196.jpg/5fa2dd/ffffff
52,7,true,14:16,6,http://dummyimage.com/117x105.jpg/5fa2dd/ffffff
53,13,true,21:02,4,http://dummyimage.com/165x247.bmp/5fa2dd/ffffff
54,11,false,0:06,6,http://dummyimage.com/230x117.bmp/dddddd/000000
55,13,false,3:16,7,http://dummyimage.com/248x165.jpg/dddddd/000000
56,5,false,4:46,4,http://dummyimage.com/160x188.jpg/ff4444/ffffff
57,2,false,22:24,4,http://dummyimage.com/244x167.png/cc0000/ffffff
58,5,false,14:40,8,http://dummyimage.com/237x117.bmp/5fa2dd/ffffff
59,2,true,18:53,6,http://dummyimage.com/169x248.png/ff4444/ffffff
60,11,false,19:43,7,http://dummyimage.com/216x158.jpg/ff4444/ffffff
61,13,false,14:47,6,http://dummyimage.com/207x143.jpg/cc0000/ffffff
62,15,false,9:29,3,http://dummyimage.com/245x250.png/cc0000/ffffff
63,14,false,2:31,6,http://dummyimage.com/163x207.jpg/dddddd/000000
64,8,false,9:29,8,http://dummyimage.com/116x228.bmp/dddddd/000000
65,3,true,13:29,3,http://dummyimage.com/229x219.jpg/dddddd/000000
66,12,true,19:19,5,http://dummyimage.com/151x203.bmp/dddddd/000000
67,6,false,20:42,2,http://dummyimage.com/156x137.bmp/ff4444/ffffff
68,6,true,11:44,8,http://dummyimage.com/136x221.jpg/cc0000/ffffff
69,14,true,20:19,2,http://dummyimage.com/155x155.bmp/ff4444/ffffff
70,2,true,23:41,1,http://dummyimage.com/136x111.bmp/cc0000/ffffff
71,10,false,3:07,3,http://dummyimage.com/150x159.jpg/ff4444/ffffff
72,11,false,7:23,5,http://dummyimage.com/204x147.jpg/dddddd/000000
73,14,true,17:44,3,http://dummyimage.com/144x186.jpg/ff4444/ffffff
74,6,false,3:09,1,http://dummyimage.com/237x144.png/dddddd/000000
75,7,false,5:08,7,http://dummyimage.com/247x203.bmp/dddddd/000000
76,10,true,11:45,2,http://dummyimage.com/123x217.bmp/cc0000/ffffff
77,4,true,22:26,3,http://dummyimage.com/169x173.jpg/ff4444/ffffff
78,2,false,7:18,4,http://dummyimage.com/199x250.jpg/dddddd/000000
79,10,true,16:08,7,http://dummyimage.com/231x250.bmp/ff4444/ffffff
80,8,false,4:45,6,http://dummyimage.com/131x175.bmp/ff4444/ffffff
81,10,true,15:42,7,http://dummyimage.com/170x139.jpg/5fa2dd/ffffff
82,10,true,6:50,2,http://dummyimage.com/146x130.jpg/dddddd/000000
83,2,false,13:49,6,http://dummyimage.com/223x222.bmp/ff4444/ffffff
84,15,true,9:37,1,http://dummyimage.com/171x113.png/cc0000/ffffff
85,13,true,3:46,7,http://dummyimage.com/206x226.jpg/5fa2dd/ffffff
86,5,false,1:33,4,http://dummyimage.com/249x149.png/cc0000/ffffff
87,9,true,21:39,5,http://dummyimage.com/169x224.png/dddddd/000000
88,9,true,15:18,8,http://dummyimage.com/161x135.bmp/cc0000/ffffff
89,2,true,10:23,8,http://dummyimage.com/186x177.bmp/cc0000/ffffff
90,13,true,9:40,7,http://dummyimage.com/178x250.png/5fa2dd/ffffff
91,8,true,0:06,6,http://dummyimage.com/204x195.png/dddddd/000000
92,14,true,17:19,1,http://dummyimage.com/234x129.jpg/cc0000/ffffff
93,9,true,20:06,2,http://dummyimage.com/176x179.bmp/ff4444/ffffff
94,4,true,21:56,5,http://dummyimage.com/118x223.png/dddddd/000000
95,3,true,18:35,8,http://dummyimage.com/186x249.png/ff4444/ffffff
96,4,false,17:09,5,http://dummyimage.com/244x198.bmp/5fa2dd/ffffff
97,11,true,6:04,8,http://dummyimage.com/188x120.bmp/cc0000/ffffff
98,10,false,5:13,8,http://dummyimage.com/118x169.png/5fa2dd/ffffff
99,14,false,16:22,5,http://dummyimage.com/167x133.png/5fa2dd/ffffff
100,2,false,5:48,2,http://dummyimage.com/140x100.bmp/cc0000/ffffff
101,7,false,3:37,2,http://dummyimage.com/150x250.png/cc0000/ffffff
102,11,true,4:07,2,http://dummyimage.com/250x166.png/cc0000/ffffff
103,10,false,12:51,7,http://dummyimage.com/248x243.jpg/5fa2dd/ffffff
104,11,false,5:32,3,http://dummyimage.com/124x222.jpg/cc0000/ffffff
105,1,true,11:16,8,http://dummyimage.com/203x164.jpg/ff4444/ffffff
106,2,false,11:18,3,http://dummyimage.com/131x174.png/dddddd/000000
107,9,true,15:44,8,http://dummyimage.com/228x230.bmp/5fa2dd/ffffff
108,14,false,23:17,1,http://dummyimage.com/181x142.jpg/5fa2dd/ffffff
109,10,true,23:53,2,http://dummyimage.com/180x105.bmp/ff4444/ffffff
110,13,true,11:25,1,http://dummyimage.com/134x172.jpg/ff4444/ffffff
111,10,true,17:28,4,http://dummyimage.com/220x214.bmp/5fa2dd/ffffff
112,4,false,19:33,3,http://dummyimage.com/227x210.jpg/dddddd/000000
113,5,true,0:27,3,http://dummyimage.com/148x235.bmp/cc0000/ffffff
114,6,false,5:41,4,http://dummyimage.com/143x117.jpg/5fa2dd/ffffff
115,11,false,19:19,4,http://dummyimage.com/181x177.png/5fa2dd/ffffff
116,3,false,9:38,7,http://dummyimage.com/161x250.jpg/ff4444/ffffff
117,15,true,16:46,2,http://dummyimage.com/236x194.jpg/dddddd/000000
118,4,false,20:03,4,http://dummyimage.com/187x195.bmp/cc0000/ffffff
119,14,false,21:32,5,http://dummyimage.com/181x237.png/cc0000/ffffff
120,6,false,1:24,2,http://dummyimage.com/114x243.jpg/dddddd/000000
121,11,true,4:13,1,http://dummyimage.com/185x181.jpg/5fa2dd/ffffff
122,10,true,1:50,8,http://dummyimage.com/108x131.jpg/cc0000/ffffff
123,14,true,19:15,4,http://dummyimage.com/217x193.png/ff4444/ffffff
124,4,true,21:20,1,http://dummyimage.com/165x186.bmp/5fa2dd/ffffff
125,4,true,0:36,4,http://dummyimage.com/234x102.png/5fa2dd/ffffff
126,1,false,3:20,1,http://dummyimage.com/193x205.bmp/cc0000/ffffff
127,8,true,4:24,3,http://dummyimage.com/120x177.png/cc0000/ffffff
128,9,false,23:05,3,http://dummyimage.com/213x183.jpg/cc0000/ffffff
129,12,true,0:48,1,http://dummyimage.com/202x204.bmp/5fa2dd/ffffff
130,1,false,6:37,4,http://dummyimage.com/127x114.png/5fa2dd/ffffff
131,8,true,20:18,5,http://dummyimage.com/207x133.png/cc0000/ffffff
132,4,false,9:57,7,http://dummyimage.com/215x143.bmp/cc0000/ffffff
133,2,true,3:34,1,http://dummyimage.com/180x157.bmp/dddddd/000000
134,7,true,16:14,7,http://dummyimage.com/101x165.png/ff4444/ffffff
135,14,true,9:52,3,http://dummyimage.com/114x209.png/ff4444/ffffff
136,7,true,14:23,1,http://dummyimage.com/212x115.bmp/ff4444/ffffff
137,1,false,11:58,5,http://dummyimage.com/240x243.jpg/ff4444/ffffff
138,14,true,8:35,2,http://dummyimage.com/195x160.bmp/5fa2dd/ffffff
139,13,false,12:19,4,http://dummyimage.com/156x135.png/5fa2dd/ffffff
140,2,false,17:10,1,http://dummyimage.com/246x240.jpg/5fa2dd/ffffff
141,13,false,13:12,7,http://dummyimage.com/242x147.png/cc0000/ffffff
142,11,true,3:01,7,http://dummyimage.com/131x104.bmp/cc0000/ffffff
143,11,false,4:04,4,http://dummyimage.com/198x203.png/dddddd/000000
144,7,true,7:16,8,http://dummyimage.com/249x221.png/ff4444/ffffff
145,5,true,14:09,5,http://dummyimage.com/224x174.jpg/dddddd/000000
146,8,true,13:08,4,http://dummyimage.com/151x118.png/dddddd/000000
147,11,true,18:54,2,http://dummyimage.com/183x121.bmp/ff4444/ffffff
148,7,true,16:16,7,http://dummyimage.com/125x222.bmp/cc0000/ffffff
149,4,false,21:19,8,http://dummyimage.com/250x183.bmp/5fa2dd/ffffff
150,2,false,19:51,3,http://dummyimage.com/100x244.jpg/cc0000/ffffff
151,10,true,1:39,2,http://dummyimage.com/158x138.png/5fa2dd/ffffff
152,9,true,22:00,4,http://dummyimage.com/154x210.png/5fa2dd/ffffff
153,3,false,16:45,6,http://dummyimage.com/117x115.jpg/ff4444/ffffff
154,7,true,17:36,7,http://dummyimage.com/219x223.bmp/cc0000/ffffff
155,10,true,21:59,5,http://dummyimage.com/223x199.png/ff4444/ffffff
156,7,false,1:26,3,http://dummyimage.com/182x148.bmp/ff4444/ffffff
157,8,true,14:18,4,http://dummyimage.com/213x236.bmp/cc0000/ffffff
158,11,false,3:54,1,http://dummyimage.com/105x147.png/dddddd/000000
159,15,false,13:02,5,http://dummyimage.com/193x183.jpg/5fa2dd/ffffff
160,4,false,23:22,4,http://dummyimage.com/106x214.jpg/ff4444/ffffff
161,12,true,2:24,7,http://dummyimage.com/109x114.png/dddddd/000000
162,13,false,18:53,5,http://dummyimage.com/111x235.png/cc0000/ffffff
163,12,false,14:16,6,http://dummyimage.com/206x203.jpg/5fa2dd/ffffff
164,14,true,20:57,2,http://dummyimage.com/166x123.bmp/5fa2dd/ffffff
165,5,false,21:58,2,http://dummyimage.com/200x181.png/cc0000/ffffff
166,9,false,9:49,6,http://dummyimage.com/244x183.png/cc0000/ffffff
167,9,false,21:58,4,http://dummyimage.com/113x181.bmp/dddddd/000000
168,7,false,22:36,4,http://dummyimage.com/110x143.bmp/cc0000/ffffff
169,10,true,20:30,6,http://dummyimage.com/152x127.jpg/5fa2dd/ffffff
170,15,false,0:08,2,http://dummyimage.com/158x139.bmp/dddddd/000000
171,9,true,14:29,7,http://dummyimage.com/158x182.jpg/5fa2dd/ffffff
172,14,false,18:11,2,http://dummyimage.com/235x215.bmp/cc0000/ffffff
173,4,true,2:48,1,http://dummyimage.com/174x175.bmp/dddddd/000000
174,13,false,3:11,5,http://dummyimage.com/109x231.bmp/dddddd/000000
175,2,true,3:19,3,http://dummyimage.com/129x168.jpg/ff4444/ffffff
176,3,false,8:04,6,http://dummyimage.com/187x221.bmp/cc0000/ffffff
177,11,false,0:35,7,http://dummyimage.com/188x111.bmp/5fa2dd/ffffff
178,9,false,18:34,4,http://dummyimage.com/104x165.jpg/ff4444/ffffff
179,5,false,22:02,1,http://dummyimage.com/219x240.bmp/cc0000/ffffff
180,12,false,2:58,5,http://dummyimage.com/233x185.jpg/cc0000/ffffff
181,12,true,19:08,6,http://dummyimage.com/249x174.jpg/ff4444/ffffff
182,11,true,17:41,4,http://dummyimage.com/236x131.jpg/5fa2dd/ffffff
183,1,true,5:25,1,http://dummyimage.com/245x207.png/cc0000/ffffff
184,4,false,6:53,5,http://dummyimage.com/242x243.jpg/cc0000/ffffff
185,1,false,6:45,7,http://dummyimage.com/138x109.png/5fa2dd/ffffff
186,1,false,1:41,7,http://dummyimage.com/229x248.jpg/cc0000/ffffff
187,10,true,9:14,1,http://dummyimage.com/216x118.jpg/ff4444/ffffff
188,7,true,2:20,4,http://dummyimage.com/182x139.bmp/dddddd/000000
189,9,false,1:33,8,http://dummyimage.com/149x200.png/5fa2dd/ffffff
190,1,false,16:28,1,http://dummyimage.com/185x131.jpg/ff4444/ffffff
191,8,true,3:29,2,http://dummyimage.com/148x227.jpg/5fa2dd/ffffff
192,7,false,0:25,3,http://dummyimage.com/225x162.jpg/ff4444/ffffff
193,5,true,3:44,6,http://dummyimage.com/139x217.png/ff4444/ffffff
194,15,true,10:09,2,http://dummyimage.com/217x170.jpg/dddddd/000000
195,4,false,4:02,6,http://dummyimage.com/237x234.bmp/dddddd/000000
196,10,false,12:03,8,http://dummyimage.com/146x164.jpg/5fa2dd/ffffff
197,9,true,10:12,2,http://dummyimage.com/221x110.jpg/5fa2dd/ffffff
198,2,false,9:44,3,http://dummyimage.com/100x122.bmp/dddddd/000000
199,10,true,13:02,3,http://dummyimage.com/197x175.jpg/dddddd/000000
200,6,false,2:03,6,http://dummyimage.com/170x229.bmp/cc0000/ffffff
201,2,true,18:38,7,http://dummyimage.com/121x249.png/ff4444/ffffff
202,1,false,16:52,8,http://dummyimage.com/208x117.bmp/dddddd/000000
203,1,true,20:39,2,http://dummyimage.com/157x184.jpg/5fa2dd/ffffff
204,14,true,20:06,5,http://dummyimage.com/239x206.bmp/dddddd/000000
205,8,false,21:59,4,http://dummyimage.com/101x141.png/ff4444/ffffff
206,12,true,11:59,3,http://dummyimage.com/221x103.jpg/5fa2dd/ffffff
207,5,false,3:01,3,http://dummyimage.com/155x166.bmp/ff4444/ffffff
208,12,false,19:28,4,http://dummyimage.com/134x158.jpg/5fa2dd/ffffff
209,9,true,18:26,7,http://dummyimage.com/143x138.png/dddddd/000000
210,13,false,1:24,4,http://dummyimage.com/226x155.bmp/dddddd/000000
211,12,false,4:27,8,http://dummyimage.com/214x101.png/5fa2dd/ffffff
212,12,false,12:49,7,http://dummyimage.com/196x166.bmp/cc0000/ffffff
213,6,true,5:50,4,http://dummyimage.com/120x242.jpg/dddddd/000000
214,8,true,10:44,3,http://dummyimage.com/135x192.jpg/5fa2dd/ffffff
215,2,true,7:51,1,http://dummyimage.com/168x143.png/5fa2dd/ffffff
216,4,false,20:35,5,http://dummyimage.com/199x164.jpg/dddddd/000000
217,10,true,5:02,3,http://dummyimage.com/241x231.png/dddddd/000000
218,13,false,15:19,5,http://dummyimage.com/245x248.bmp/5fa2dd/ffffff
219,9,false,22:54,3,http://dummyimage.com/169x114.png/ff4444/ffffff
220,6,false,9:05,6,http://dummyimage.com/238x112.jpg/5fa2dd/ffffff
221,14,false,2:34,6,http://dummyimage.com/129x197.png/ff4444/ffffff
222,15,false,6:14,5,http://dummyimage.com/131x108.jpg/5fa2dd/ffffff
223,9,true,14:26,5,http://dummyimage.com/138x141.png/5fa2dd/ffffff
224,12,true,0:10,5,http://dummyimage.com/156x234.png/ff4444/ffffff
225,2,true,17:06,6,http://dummyimage.com/142x241.png/5fa2dd/ffffff
226,7,true,17:04,1,http://dummyimage.com/218x213.png/ff4444/ffffff
227,5,false,1:27,8,http://dummyimage.com/184x200.jpg/dddddd/000000
228,14,true,12:33,5,http://dummyimage.com/211x226.bmp/dddddd/000000
229,4,false,1:06,5,http://dummyimage.com/199x204.jpg/dddddd/000000
230,15,false,19:00,4,http://dummyimage.com/124x127.jpg/cc0000/ffffff
231,12,true,20:25,5,http://dummyimage.com/111x235.jpg/cc0000/ffffff
232,3,true,21:40,4,http://dummyimage.com/206x111.bmp/cc0000/ffffff
233,4,true,15:37,4,http://dummyimage.com/166x125.bmp/dddddd/000000
234,14,true,0:07,5,http://dummyimage.com/167x205.png/5fa2dd/ffffff
235,1,false,11:01,6,http://dummyimage.com/118x198.png/cc0000/ffffff
236,3,true,19:38,3,http://dummyimage.com/106x129.bmp/cc0000/ffffff
237,14,true,1:56,5,http://dummyimage.com/194x167.jpg/5fa2dd/ffffff
238,1,true,22:03,4,http://dummyimage.com/135x210.png/ff4444/ffffff
239,14,true,1:34,6,http://dummyimage.com/144x180.jpg/dddddd/000000
240,14,true,9:41,6,http://dummyimage.com/114x138.png/ff4444/ffffff
241,15,true,23:05,1,http://dummyimage.com/239x122.jpg/5fa2dd/ffffff
242,15,true,19:51,3,http://dummyimage.com/138x215.png/cc0000/ffffff
243,8,false,9:44,7,http://dummyimage.com/181x239.png/dddddd/000000
244,14,false,23:56,2,http://dummyimage.com/119x222.jpg/5fa2dd/ffffff
245,4,true,19:19,4,http://dummyimage.com/230x207.png/dddddd/000000
246,10,true,9:11,6,http://dummyimage.com/201x203.png/cc0000/ffffff
247,6,false,10:07,2,http://dummyimage.com/223x243.png/dddddd/000000
248,7,false,9:00,4,http://dummyimage.com/204x124.bmp/cc0000/ffffff
249,11,false,18:53,8,http://dummyimage.com/112x169.bmp/ff4444/ffffff
250,3,true,13:30,1,http://dummyimage.com/203x142.jpg/5fa2dd/ffffff
